{
  "alluxio.AbstractClient#beforeConnect": "91",
  "alluxio.AbstractClient#connect": "1013",
  "alluxio.AbstractClientTest#serviceNotFound": "382",
  "alluxio.AbstractClientTest$1#<init>": "425",
  "alluxio.AbstractClientTest$BaseTestClient#<init>": "606",
  "alluxio.AbstractClientTest$TestServiceNotFoundClient#<init>": "101",
  "alluxio.AbstractMasterClient#getAddress": "809",
  "alluxio.AbstractResourceRule#access$000": "983",
  "alluxio.AbstractResourceRule#toResource": "353",
  "alluxio.AbstractResourceRule$1#<init>": "766",
  "alluxio.AuthenticatedClientUserResource#<init>": "495",
  "alluxio.AuthenticatedUserRule#before": "373",
  "alluxio.AuthenticatedUserRuleTest#<init>": "423",
  "alluxio.AuthenticatedUserRuleTest$1#evaluate": "907",
  "alluxio.ClientContext#<init>": "1026",
  "alluxio.ClientContext#create": "45",
  "alluxio.ClientContext#loadConf": "35",
  "alluxio.ClientContext#loadConfIfNotLoaded": "823",
  "alluxio.ConfigurationRule#before": "412",
  "alluxio.ConfigurationRuleTest$1#evaluate": "110",
  "alluxio.ConfigurationRuleTest$2#evaluate": "307",
  "alluxio.ConfigurationTestUtils#defaults": "235",
  "alluxio.MasterStorageTierAssoc#<init>": "49",
  "alluxio.Registry#start": "857",
  "alluxio.RestUtils#call": "548",
  "alluxio.RestUtils#createErrorResponse": "75",
  "alluxio.RestUtils#createResponse": "365",
  "alluxio.StorageTierAssoc#<init>": "324",
  "alluxio.StorageTierAssocTest#checkStorageTierAssoc": "889",
  "alluxio.StorageTierAssocTest#masterWorkerConfConstructor": "294",
  "alluxio.UnderFileSystemFactoryRegistryRuleTest#<init>": "14",
  "alluxio.UnderFileSystemFactoryRegistryRuleTest$1#evaluate": "93",
  "alluxio.WorkerStorageTierAssoc#<init>": "1010",
  "alluxio.cli.Format#format": "1003",
  "alluxio.cli.Format#formatWorkerDataFolder": "52",
  "alluxio.client.block.AlluxioBlockStore#<init>": "952",
  "alluxio.client.block.AlluxioBlockStore#create": "23",
  "alluxio.client.block.AlluxioBlockStore#getInStream": "959",
  "alluxio.client.block.AlluxioBlockStore#getOutStream": "581",
  "alluxio.client.block.AlluxioBlockStoreTest#<clinit>": "655",
  "alluxio.client.block.AlluxioBlockStoreTest#before": "747",
  "alluxio.client.block.AlluxioBlockStoreTest#testGetInStreamFallback": "10",
  "alluxio.client.block.BlockMasterClientPool#<init>": "848",
  "alluxio.client.block.BlockMasterClientPoolTest#<init>": "502",
  "alluxio.client.block.policy.BlockLocationPolicy$Factory#create": "660",
  "alluxio.client.block.policy.DeterministicHashPolicy#<init>": "446",
  "alluxio.client.block.policy.DeterministicHashPolicyTest#<clinit>": "169",
  "alluxio.client.block.policy.LocalFirstAvoidEvictionPolicy#<init>": "341",
  "alluxio.client.block.policy.LocalFirstAvoidEvictionPolicy#getWorker": "902",
  "alluxio.client.block.policy.LocalFirstAvoidEvictionPolicyTest#<init>": "295",
  "alluxio.client.block.policy.LocalFirstPolicy#<init>": "648",
  "alluxio.client.block.policy.LocalFirstPolicy#create": "587",
  "alluxio.client.block.policy.LocalFirstPolicy#getWorker": "140",
  "alluxio.client.block.policy.LocalFirstPolicyTest#<clinit>": "122",
  "alluxio.client.block.policy.MostAvailableFirstPolicyTest#equalsTest": "231",
  "alluxio.client.block.stream.BlockInStream#create": "148",
  "alluxio.client.block.stream.BlockInStream#createGrpcBlockInStream": "1001",
  "alluxio.client.block.stream.BlockInStream#createLocalBlockInStream": "567",
  "alluxio.client.block.stream.BlockInStreamTest#<init>": "705",
  "alluxio.client.block.stream.BlockInStreamTest#before": "274",
  "alluxio.client.block.stream.BlockOutStream#create": "142",
  "alluxio.client.block.stream.BlockOutStream#createReplicatedBlockOutStream": "130",
  "alluxio.client.block.stream.DataWriter$Factory#create": "461",
  "alluxio.client.block.stream.GrpcDataReader#<init>": "348",
  "alluxio.client.block.stream.GrpcDataReader$Factory#create": "756",
  "alluxio.client.block.stream.GrpcDataReaderTest#before": "554",
  "alluxio.client.block.stream.GrpcDataReaderTest#create": "601",
  "alluxio.client.block.stream.GrpcDataWriter#<init>": "814",
  "alluxio.client.block.stream.GrpcDataWriter#create": "367",
  "alluxio.client.block.stream.GrpcDataWriterTest#<init>": "975",
  "alluxio.client.block.stream.GrpcDataWriterTest#before": "480",
  "alluxio.client.block.stream.GrpcDataWriterTest#create": "944",
  "alluxio.client.block.stream.LocalFileDataReader$Factory#<init>": "804",
  "alluxio.client.block.stream.LocalFileDataWriter#create": "646",
  "alluxio.client.block.stream.LocalFileDataWriterTest#<init>": "478",
  "alluxio.client.block.stream.LocalFileDataWriterTest#before": "955",
  "alluxio.client.block.stream.UfsFallbackLocalFileDataWriter#writeChunk": "72",
  "alluxio.client.block.stream.UfsFallbackLocalFileDataWriterTest#<init>": "24",
  "alluxio.client.block.stream.UfsFallbackLocalFileDataWriterTest#before": "339",
  "alluxio.client.block.stream.UfsFallbackLocalFileDataWriterTest#create": "481",
  "alluxio.client.block.stream.UfsFallbackLocalFileDataWriterTest$1#call": "801",
  "alluxio.client.block.util.BlockLocationUtils#nearest": "463",
  "alluxio.client.file.BaseFileSystem#<init>": "755",
  "alluxio.client.file.BaseFileSystem#checkUri": "94",
  "alluxio.client.file.BaseFileSystem#close": "386",
  "alluxio.client.file.BaseFileSystem#create": "997",
  "alluxio.client.file.BaseFileSystem#createDirectory": "138",
  "alluxio.client.file.BaseFileSystem#createFile": "308",
  "alluxio.client.file.BaseFileSystem#delete": "631",
  "alluxio.client.file.BaseFileSystem#free": "320",
  "alluxio.client.file.BaseFileSystem#getBlockLocations": "813",
  "alluxio.client.file.BaseFileSystem#getStatus": "260",
  "alluxio.client.file.BaseFileSystem#lambda$createDirectory$0": "629",
  "alluxio.client.file.BaseFileSystem#lambda$createFile$1": "53",
  "alluxio.client.file.BaseFileSystem#lambda$delete$2": "686",
  "alluxio.client.file.BaseFileSystem#lambda$free$4": "512",
  "alluxio.client.file.BaseFileSystem#lambda$getStatus$8": "409",
  "alluxio.client.file.BaseFileSystem#lambda$listStatus$9": "195",
  "alluxio.client.file.BaseFileSystem#lambda$mount$10": "912",
  "alluxio.client.file.BaseFileSystem#lambda$openFile$13": "89",
  "alluxio.client.file.BaseFileSystem#lambda$rename$14": "764",
  "alluxio.client.file.BaseFileSystem#lambda$unmount$20": "184",
  "alluxio.client.file.BaseFileSystem#listStatus": "213",
  "alluxio.client.file.BaseFileSystem#mount": "510",
  "alluxio.client.file.BaseFileSystem#openFile": "989",
  "alluxio.client.file.BaseFileSystem#rename": "354",
  "alluxio.client.file.BaseFileSystem#rpc": "328",
  "alluxio.client.file.BaseFileSystem#setAttribute": "957",
  "alluxio.client.file.BaseFileSystem#unmount": "54",
  "alluxio.client.file.BaseFileSystem$$EnhancerByMockitoWithCGLIB$$96d511f6#CGLIB$getBlockLocations$4": "689",
  "alluxio.client.file.BaseFileSystem$$EnhancerByMockitoWithCGLIB$$96d511f6#getBlockLocations": "917",
  "alluxio.client.file.BaseFileSystem$$EnhancerByMockitoWithCGLIB$$96d511f6$$FastClassByMockitoWithCGLIB$$9c315189#invoke": "403",
  "alluxio.client.file.BaseFileSystem$$EnhancerByMockitoWithCGLIB$$a9a7798#CGLIB$getBlockLocations$2": "133",
  "alluxio.client.file.BaseFileSystem$$EnhancerByMockitoWithCGLIB$$a9a7798#CGLIB$getBlockLocations$4": "209",
  "alluxio.client.file.BaseFileSystem$$EnhancerByMockitoWithCGLIB$$a9a7798#getBlockLocations": "161",
  "alluxio.client.file.BaseFileSystem$$EnhancerByMockitoWithCGLIB$$a9a7798$$FastClassByMockitoWithCGLIB$$3d743ddd#invoke": "855",
  "alluxio.client.file.BaseFileSystemTest#<init>": "426",
  "alluxio.client.file.BaseFileSystemTest#assertBadAuthority": "325",
  "alluxio.client.file.BaseFileSystemTest#before": "964",
  "alluxio.client.file.BaseFileSystemTest#configureZk": "633",
  "alluxio.client.file.BaseFileSystemTest#getOpenOptions": "788",
  "alluxio.client.file.BaseFileSystemTest#useUriWithAuthority": "500",
  "alluxio.client.file.BaseFileSystemTest$DummyAlluxioFileSystem#<init>": "391",
  "alluxio.client.file.FileInStream#<init>": "413",
  "alluxio.client.file.FileOutStream#<init>": "434",
  "alluxio.client.file.FileOutStream#close": "230",
  "alluxio.client.file.FileOutStream#write": "709",
  "alluxio.client.file.FileOutStream#writeInternal": "649",
  "alluxio.client.file.FileOutStream$Metrics#<clinit>": "330",
  "alluxio.client.file.FileOutStreamTest#<clinit>": "95",
  "alluxio.client.file.FileOutStreamTest#before": "111",
  "alluxio.client.file.FileOutStreamTest#createTestStream": "694",
  "alluxio.client.file.FileSystem$Cache#get": "916",
  "alluxio.client.file.FileSystem$Cache#lambda$get$0": "19",
  "alluxio.client.file.FileSystem$Cache#lambda$purge$1": "758",
  "alluxio.client.file.FileSystem$Cache#purge": "71",
  "alluxio.client.file.FileSystem$Factory#access$000": "272",
  "alluxio.client.file.FileSystem$Factory#create": "396",
  "alluxio.client.file.FileSystem$Factory#get": "976",
  "alluxio.client.file.FileSystem$FileSystemKey#<init>": "144",
  "alluxio.client.file.FileSystemContext#create": "614",
  "alluxio.client.file.FileSystemContext#init": "483",
  "alluxio.client.file.FileSystemContext#initContext": "107",
  "alluxio.client.file.FileSystemContextReinitializer#<init>": "29",
  "alluxio.client.file.FileSystemContextTest#<init>": "734",
  "alluxio.client.file.FileSystemFactoryTest#after": "1006",
  "alluxio.client.file.FileSystemFactoryTest#before": "137",
  "alluxio.client.file.FileSystemFactoryTest#fileSystemCacheTest": "862",
  "alluxio.client.file.FileSystemMasterClientPool#<init>": "311",
  "alluxio.client.file.options.InStreamOptions#<init>": "165",
  "alluxio.client.file.options.OutStreamOptions#<init>": "735",
  "alluxio.client.file.options.OutStreamOptions#defaults": "439",
  "alluxio.client.file.options.OutStreamOptionsTest#<init>": "704",
  "alluxio.client.job.JobMasterClientPool#<init>": "258",
  "alluxio.client.metrics.ClientMasterSync#heartbeat": "654",
  "alluxio.client.metrics.MetricsHeartbeatContext#addContext": "658",
  "alluxio.client.metrics.MetricsHeartbeatContext#addHeartbeat": "42",
  "alluxio.client.metrics.MetricsHeartbeatContext#removeHeartbeat": "78",
  "alluxio.client.metrics.MetricsMasterClient#heartbeat": "651",
  "alluxio.conf.AlluxioConfiguration#getOrDefault": "48",
  "alluxio.conf.AlluxioConfiguration#toMap": "55",
  "alluxio.conf.AlluxioProperties#entrySet": "727",
  "alluxio.conf.AlluxioProperties#forEach": "837",
  "alluxio.conf.AlluxioProperties#get": "427",
  "alluxio.conf.AlluxioProperties#hash": "891",
  "alluxio.conf.AlluxioProperties#lambda$entrySet$3": "656",
  "alluxio.conf.AlluxioProperties#lambda$null$0": "7",
  "alluxio.conf.AlluxioProperties#lambda$null$1": "1018",
  "alluxio.conf.Hash#compute": "810",
  "alluxio.conf.Hash#get": "315",
  "alluxio.conf.InstancedConfiguration#checkHeartbeatTimeout": "343",
  "alluxio.conf.InstancedConfiguration#checkTieredLocality": "402",
  "alluxio.conf.InstancedConfiguration#checkTieredStorage": "782",
  "alluxio.conf.InstancedConfiguration#checkTimeouts": "946",
  "alluxio.conf.InstancedConfiguration#checkUserFileBufferBytes": "106",
  "alluxio.conf.InstancedConfiguration#checkWorkerPorts": "716",
  "alluxio.conf.InstancedConfiguration#checkZkConfiguration": "849",
  "alluxio.conf.InstancedConfiguration#get": "954",
  "alluxio.conf.InstancedConfiguration#getBoolean": "301",
  "alluxio.conf.InstancedConfiguration#getBytes": "778",
  "alluxio.conf.InstancedConfiguration#getClass": "67",
  "alluxio.conf.InstancedConfiguration#getDouble": "610",
  "alluxio.conf.InstancedConfiguration#getEnum": "971",
  "alluxio.conf.InstancedConfiguration#getFloat": "910",
  "alluxio.conf.InstancedConfiguration#getInt": "682",
  "alluxio.conf.InstancedConfiguration#getList": "526",
  "alluxio.conf.InstancedConfiguration#getLong": "725",
  "alluxio.conf.InstancedConfiguration#getMs": "492",
  "alluxio.conf.InstancedConfiguration#getNestedProperties": "903",
  "alluxio.conf.InstancedConfiguration#hash": "90",
  "alluxio.conf.InstancedConfiguration#isResolvable": "563",
  "alluxio.conf.InstancedConfiguration#isSet": "285",
  "alluxio.conf.InstancedConfiguration#lambda$toMap$0": "520",
  "alluxio.conf.InstancedConfiguration#lookup": "643",
  "alluxio.conf.InstancedConfiguration#lookupRecursively": "83",
  "alluxio.conf.InstancedConfiguration#toMap": "316",
  "alluxio.conf.InstancedConfiguration#validate": "949",
  "alluxio.conf.InstancedConfigurationTest#<init>": "539",
  "alluxio.conf.InstancedConfigurationTest#after": "515",
  "alluxio.conf.InstancedConfigurationTest#before": "163",
  "alluxio.conf.InstancedConfigurationTest#resetConf": "131",
  "alluxio.conf.ServerConfiguration#<clinit>": "621",
  "alluxio.conf.ServerConfiguration#get": "238",
  "alluxio.conf.ServerConfiguration#getBoolean": "296",
  "alluxio.conf.ServerConfiguration#getBytes": "171",
  "alluxio.conf.ServerConfiguration#getClass": "987",
  "alluxio.conf.ServerConfiguration#getDouble": "127",
  "alluxio.conf.ServerConfiguration#getEnum": "943",
  "alluxio.conf.ServerConfiguration#getInt": "541",
  "alluxio.conf.ServerConfiguration#getList": "441",
  "alluxio.conf.ServerConfiguration#getLong": "11",
  "alluxio.conf.ServerConfiguration#getMs": "890",
  "alluxio.conf.ServerConfiguration#getNestedProperties": "80",
  "alluxio.conf.ServerConfiguration#getOrDefault": "894",
  "alluxio.conf.ServerConfiguration#isSet": "653",
  "alluxio.conf.ServerConfiguration#reset": "50",
  "alluxio.conf.ServerConfiguration#toMap": "609",
  "alluxio.extensions.ExtensionFactoryRegistry#findAll": "865",
  "alluxio.grpc.GrpcChannelBuilder#<init>": "963",
  "alluxio.grpc.GrpcChannelBuilder#build": "638",
  "alluxio.grpc.GrpcChannelBuilder#newBuilder": "819",
  "alluxio.grpc.GrpcManagedChannelPoolTest#<clinit>": "770",
  "alluxio.grpc.GrpcServerBuilder#<init>": "754",
  "alluxio.grpc.GrpcServerBuilder#addService": "199",
  "alluxio.grpc.GrpcServerBuilder#build": "777",
  "alluxio.grpc.GrpcServerBuilder#forAddress": "174",
  "alluxio.hadoop.AbstractFileSystem#getFileBlockLocations": "800",
  "alluxio.hadoop.AbstractFileSystem#initialize": "12",
  "alluxio.hadoop.AbstractFileSystem#mergeConfigurations": "22",
  "alluxio.hadoop.AbstractFileSystemApiTest#<init>": "896",
  "alluxio.hadoop.AbstractFileSystemTest#<init>": "204",
  "alluxio.hadoop.AbstractFileSystemTest#lambda$concurrentInitialize$0": "740",
  "alluxio.hadoop.AbstractFileSystemTest#verifyBlockLocations": "665",
  "alluxio.hadoop.FileSystem#getFileBlockLocations": "46",
  "alluxio.hadoop.FileSystem#initialize": "47",
  "alluxio.hadoop.HadoopConfigurationUtils#mergeHadoopConfiguration": "486",
  "alluxio.hadoop.HadoopConfigurationUtilsTest#<init>": "224",
  "alluxio.heartbeat.HeartbeatThread#run": "92",
  "alluxio.heartbeat.HeartbeatThreadTest#<init>": "63",
  "alluxio.heartbeat.HeartbeatThreadTest$DummyHeartbeatTestCallable#call": "835",
  "alluxio.heartbeat.ManuallyScheduleHeartbeat$1#evaluate": "228",
  "alluxio.master.AbstractMaster#<init>": "690",
  "alluxio.master.AbstractMaster#createJournalContext": "59",
  "alluxio.master.AlluxioMasterProcess#<init>": "467",
  "alluxio.master.AlluxioMasterProcess#start": "1012",
  "alluxio.master.AlluxioMasterProcess#startJvmMonitorProcess": "552",
  "alluxio.master.AlluxioMasterProcess#startMasters": "201",
  "alluxio.master.AlluxioMasterProcess#startServing": "785",
  "alluxio.master.AlluxioMasterProcess#startServingRPCServer": "383",
  "alluxio.master.AlluxioMasterProcess#startServingWebServer": "431",
  "alluxio.master.AlluxioMasterProcess#stop": "525",
  "alluxio.master.AlluxioMasterProcess#stopServing": "168",
  "alluxio.master.AlluxioMasterProcessTest#before": "394",
  "alluxio.master.AlluxioMasterProcessTest#lambda$startStopPrimary$0": "376",
  "alluxio.master.AlluxioMasterProcessTest#lambda$startStopSecondary$1": "762",
  "alluxio.master.AlluxioMasterProcessTest#startStopTest": "102",
  "alluxio.master.AlluxioMasterProcessTest#waitForServing": "738",
  "alluxio.master.CoreMaster#<init>": "513",
  "alluxio.master.CoreMasterContext#<init>": "347",
  "alluxio.master.CoreMasterContext$Builder#build": "27",
  "alluxio.master.DefaultSafeModeManager#isInSafeMode": "906",
  "alluxio.master.DefaultSafeModeManager#notifyRpcServerStarted": "524",
  "alluxio.master.FaultTolerantAlluxioMasterProcess#<init>": "984",
  "alluxio.master.FaultTolerantAlluxioMasterProcess#start": "361",
  "alluxio.master.MasterClientContextBuilder#build": "920",
  "alluxio.master.MasterContext#<init>": "632",
  "alluxio.master.MasterInquireClient$Factory#create": "400",
  "alluxio.master.MasterInquireClient$Factory#createForJobMaster": "644",
  "alluxio.master.MasterInquireClient$Factory#getConnectDetails": "739",
  "alluxio.master.MasterInquireClientTest#assertCurrentConnectString": "360",
  "alluxio.master.MasterInquireClientTest#before": "359",
  "alluxio.master.MasterProcess#<init>": "162",
  "alluxio.master.MasterProcess#configureAddress": "371",
  "alluxio.master.MasterProcess#registerServices": "207",
  "alluxio.master.MasterProcess#startServing": "783",
  "alluxio.master.MasterTestUtils#testMasterContext": "808",
  "alluxio.master.MasterUtils#getBlockStoreFactory": "792",
  "alluxio.master.MasterUtils#getInodeStoreFactory": "593",
  "alluxio.master.MasterUtils#lambda$createMasters$0": "460",
  "alluxio.master.PollingMasterInquireClient#<init>": "537",
  "alluxio.master.PollingMasterInquireClient#getAddress": "44",
  "alluxio.master.PollingMasterInquireClient#getPrimaryRpcAddress": "422",
  "alluxio.master.PollingMasterInquireClient#pingMetaService": "429",
  "alluxio.master.SafeModeManagerTest#<init>": "344",
  "alluxio.master.block.BlockMasterFactory#create": "730",
  "alluxio.master.block.BlockMasterMetricsTest#before": "234",
  "alluxio.master.block.BlockMasterTest#before": "1016",
  "alluxio.master.block.DefaultBlockMaster#<init>": "667",
  "alluxio.master.block.DefaultBlockMaster#getNewContainerId": "542",
  "alluxio.master.block.DefaultBlockMaster#start": "1007",
  "alluxio.master.block.DefaultBlockMaster$LostWorkerDetectionHeartbeatExecutor#heartbeat": "880",
  "alluxio.master.file.AccessTimeUpdater#<init>": "337",
  "alluxio.master.file.AccessTimeUpdaterTest#before": "242",
  "alluxio.master.file.AccessTimeUpdaterTest#createInode": "418",
  "alluxio.master.file.BlockIntegrityChecker#<init>": "41",
  "alluxio.master.file.DefaultFileSystemMaster#<init>": "798",
  "alluxio.master.file.DefaultFileSystemMaster#access$3300": "915",
  "alluxio.master.file.DefaultFileSystemMaster#addPersistJob": "757",
  "alluxio.master.file.DefaultFileSystemMaster#cleanup": "57",
  "alluxio.master.file.DefaultFileSystemMaster#completeFile": "404",
  "alluxio.master.file.DefaultFileSystemMaster#completeFileInternal": "620",
  "alluxio.master.file.DefaultFileSystemMaster#createDirectory": "223",
  "alluxio.master.file.DefaultFileSystemMaster#createDirectoryInternal": "1015",
  "alluxio.master.file.DefaultFileSystemMaster#createFile": "321",
  "alluxio.master.file.DefaultFileSystemMaster#createFileInternal": "485",
  "alluxio.master.file.DefaultFileSystemMaster#createLockingScheme": "298",
  "alluxio.master.file.DefaultFileSystemMaster#delete": "742",
  "alluxio.master.file.DefaultFileSystemMaster#deleteInternal": "831",
  "alluxio.master.file.DefaultFileSystemMaster#free": "464",
  "alluxio.master.file.DefaultFileSystemMaster#freeInternal": "701",
  "alluxio.master.file.DefaultFileSystemMaster#generateFileBlockInfo": "51",
  "alluxio.master.file.DefaultFileSystemMaster#getDisplayMountPointInfo": "930",
  "alluxio.master.file.DefaultFileSystemMaster#getFileBlockInfoList": "143",
  "alluxio.master.file.DefaultFileSystemMaster#getFileBlockInfoListInternal": "243",
  "alluxio.master.file.DefaultFileSystemMaster#getFileId": "599",
  "alluxio.master.file.DefaultFileSystemMaster#getFileInfo": "440",
  "alluxio.master.file.DefaultFileSystemMaster#getFileInfoInternal": "166",
  "alluxio.master.file.DefaultFileSystemMaster#getMountTable": "863",
  "alluxio.master.file.DefaultFileSystemMaster#getNewBlockIdForFile": "390",
  "alluxio.master.file.DefaultFileSystemMaster#getRootMountInfo": "820",
  "alluxio.master.file.DefaultFileSystemMaster#getUfsInfo": "264",
  "alluxio.master.file.DefaultFileSystemMaster#isAclEnabled": "838",
  "alluxio.master.file.DefaultFileSystemMaster#listStatus": "791",
  "alluxio.master.file.DefaultFileSystemMaster#listStatusInternal": "3",
  "alluxio.master.file.DefaultFileSystemMaster#loadDirectoryMetadata": "276",
  "alluxio.master.file.DefaultFileSystemMaster#loadFileMetadataInternal": "692",
  "alluxio.master.file.DefaultFileSystemMaster#loadMetadataIfNotExist": "378",
  "alluxio.master.file.DefaultFileSystemMaster#loadMetadataInternal": "698",
  "alluxio.master.file.DefaultFileSystemMaster#mount": "293",
  "alluxio.master.file.DefaultFileSystemMaster#mountInternal": "194",
  "alluxio.master.file.DefaultFileSystemMaster#prepareForMount": "236",
  "alluxio.master.file.DefaultFileSystemMaster#rename": "501",
  "alluxio.master.file.DefaultFileSystemMaster#scheduleAsyncPersistence": "806",
  "alluxio.master.file.DefaultFileSystemMaster#scheduleAsyncPersistenceInternal": "772",
  "alluxio.master.file.DefaultFileSystemMaster#setAcl": "336",
  "alluxio.master.file.DefaultFileSystemMaster#setAclInternal": "844",
  "alluxio.master.file.DefaultFileSystemMaster#setAclRecursive": "925",
  "alluxio.master.file.DefaultFileSystemMaster#setAclSingleInode": "519",
  "alluxio.master.file.DefaultFileSystemMaster#setAttribute": "723",
  "alluxio.master.file.DefaultFileSystemMaster#setAttributeInternal": "1019",
  "alluxio.master.file.DefaultFileSystemMaster#setAttributeSingleFile": "825",
  "alluxio.master.file.DefaultFileSystemMaster#setUfsAcl": "455",
  "alluxio.master.file.DefaultFileSystemMaster#start": "714",
  "alluxio.master.file.DefaultFileSystemMaster#unmount": "970",
  "alluxio.master.file.DefaultFileSystemMaster#unmountInternal": "76",
  "alluxio.master.file.DefaultFileSystemMaster#workerHeartbeat": "16",
  "alluxio.master.file.DefaultFileSystemMaster$Metrics#lambda$registerGauges$1": "81",
  "alluxio.master.file.DefaultFileSystemMaster$Metrics#lambda$registerGauges$2": "154",
  "alluxio.master.file.DefaultFileSystemMaster$Metrics#registerGauges": "904",
  "alluxio.master.file.DefaultFileSystemMaster$PersistenceChecker#handleSuccess": "487",
  "alluxio.master.file.DefaultFileSystemMaster$PersistenceChecker#lambda$heartbeat$0": "511",
  "alluxio.master.file.DefaultFileSystemMaster$PersistenceScheduler#handleReady": "937",
  "alluxio.master.file.DefaultFileSystemMaster$PersistenceScheduler#heartbeat": "275",
  "alluxio.master.file.DefaultFileSystemMaster$TimeSeriesRecorder#heartbeat": "4",
  "alluxio.master.file.DefaultPermissionChecker#<init>": "607",
  "alluxio.master.file.DefaultPermissionChecker#checkOwner": "60",
  "alluxio.master.file.DefaultPermissionChecker#checkParentPermission": "43",
  "alluxio.master.file.DefaultPermissionChecker#checkPermission": "113",
  "alluxio.master.file.DefaultPermissionChecker#checkSetAttributePermission": "824",
  "alluxio.master.file.DefaultPermissionChecker#checkSuperUser": "708",
  "alluxio.master.file.DefaultPermissionChecker#getGroups": "978",
  "alluxio.master.file.DefaultPermissionChecker#getPermission": "120",
  "alluxio.master.file.FileSystemMasterFactory#create": "340",
  "alluxio.master.file.FileSystemMasterMetricsTest#before": "729",
  "alluxio.master.file.FileSystemMasterOptions#completeFileDefaults": "965",
  "alluxio.master.file.FileSystemMasterTest#<clinit>": "401",
  "alluxio.master.file.FileSystemMasterTest#addAcl": "625",
  "alluxio.master.file.FileSystemMasterTest#after": "913",
  "alluxio.master.file.FileSystemMasterTest#before": "523",
  "alluxio.master.file.FileSystemMasterTest#checkPersistedDirectoriesDeleted": "544",
  "alluxio.master.file.FileSystemMasterTest#checkPersistedDirectoryDeletedLevel": "444",
  "alluxio.master.file.FileSystemMasterTest#createFileWithSingleBlock": "752",
  "alluxio.master.file.FileSystemMasterTest#deleteSyncedPersistedDirectory": "775",
  "alluxio.master.file.FileSystemMasterTest#getInfo": "499",
  "alluxio.master.file.FileSystemMasterTest#loadPersistedDirectories": "948",
  "alluxio.master.file.FileSystemMasterTest#loadPersistedDirectoryLevel": "323",
  "alluxio.master.file.FileSystemMasterTest#mountPersistedDirectories": "411",
  "alluxio.master.file.FileSystemMasterTest#removeAcl": "208",
  "alluxio.master.file.FileSystemMasterTest#startServices": "853",
  "alluxio.master.file.FileSystemMasterTest#stopServices": "713",
  "alluxio.master.file.InodeTtlChecker#heartbeat": "64",
  "alluxio.master.file.PermissionCheckTest#<init>": "170",
  "alluxio.master.file.PermissionCheckTest#after": "732",
  "alluxio.master.file.PermissionCheckTest#before": "846",
  "alluxio.master.file.PermissionCheckTest#createDirAndFileForTest": "132",
  "alluxio.master.file.PermissionCheckTest#createUnreadableFileOrDir": "826",
  "alluxio.master.file.PermissionCheckTest#getNonDefaultCompleteFileContext": "115",
  "alluxio.master.file.PermissionCheckTest#verifyCompleteFile": "342",
  "alluxio.master.file.PermissionCheckTest#verifyCreateDirectory": "488",
  "alluxio.master.file.PermissionCheckTest#verifyCreateFile": "901",
  "alluxio.master.file.PermissionCheckTest#verifyDelete": "905",
  "alluxio.master.file.PermissionCheckTest#verifyFree": "289",
  "alluxio.master.file.PermissionCheckTest#verifyGetFileId": "215",
  "alluxio.master.file.PermissionCheckTest#verifyGetFileInfoOrList": "722",
  "alluxio.master.file.PermissionCheckTest#verifyRead": "350",
  "alluxio.master.file.PermissionCheckTest#verifyRename": "479",
  "alluxio.master.file.PermissionCheckTest#verifySetAcl": "922",
  "alluxio.master.file.PermissionCheckTest#verifySetState": "123",
  "alluxio.master.file.PermissionCheckerTest#afterClass": "892",
  "alluxio.master.file.PermissionCheckerTest#before": "351",
  "alluxio.master.file.PermissionCheckerTest#beforeClass": "659",
  "alluxio.master.file.PermissionCheckerTest#checkParentOrAncestorPermission": "868",
  "alluxio.master.file.PermissionCheckerTest#checkPermission": "555",
  "alluxio.master.file.PermissionCheckerTest#createAndSetPermission": "314",
  "alluxio.master.file.PersistenceTest#<clinit>": "125",
  "alluxio.master.file.PersistenceTest#after": "149",
  "alluxio.master.file.PersistenceTest#before": "326",
  "alluxio.master.file.PersistenceTest#checkPersistenceInProgress": "590",
  "alluxio.master.file.PersistenceTest#checkPersistenceRequested": "514",
  "alluxio.master.file.PersistenceTest#createTestFile": "105",
  "alluxio.master.file.PersistenceTest#lambda$waitUntilPersisted$4": "516",
  "alluxio.master.file.PersistenceTest#startServices": "928",
  "alluxio.master.file.PersistenceTest#waitUntilPersisted": "366",
  "alluxio.master.file.SafeUfsDeleter#<init>": "576",
  "alluxio.master.file.SafeUfsDeleter#delete": "572",
  "alluxio.master.file.UfsSyncChecker#checkDirectory": "652",
  "alluxio.master.file.UfsSyncChecker#getChildrenInUFS": "1000",
  "alluxio.master.file.contexts.CompleteFileContext#defaults": "17",
  "alluxio.master.file.contexts.CompleteFileContext#mergeFrom": "827",
  "alluxio.master.file.contexts.CreateDirectoryContext#<init>": "436",
  "alluxio.master.file.contexts.CreateDirectoryContext#create": "503",
  "alluxio.master.file.contexts.CreateDirectoryContext#defaults": "334",
  "alluxio.master.file.contexts.CreateDirectoryContext#mergeFrom": "119",
  "alluxio.master.file.contexts.CreateFileContext#<init>": "38",
  "alluxio.master.file.contexts.CreateFileContext#create": "951",
  "alluxio.master.file.contexts.CreateFileContext#defaults": "720",
  "alluxio.master.file.contexts.CreateFileContext#mergeFrom": "156",
  "alluxio.master.file.contexts.CreatePathContext#<init>": "947",
  "alluxio.master.file.contexts.DeleteContext#defaults": "257",
  "alluxio.master.file.contexts.DeleteContext#mergeFrom": "879",
  "alluxio.master.file.contexts.FreeContext#defaults": "85",
  "alluxio.master.file.contexts.FreeContext#mergeFrom": "505",
  "alluxio.master.file.contexts.GetStatusContext#defaults": "598",
  "alluxio.master.file.contexts.GetStatusContext#mergeFrom": "86",
  "alluxio.master.file.contexts.ListStatusContext#defaults": "448",
  "alluxio.master.file.contexts.ListStatusContext#mergeFrom": "595",
  "alluxio.master.file.contexts.LoadMetadataContext#mergeFrom": "737",
  "alluxio.master.file.contexts.MountContext#defaults": "715",
  "alluxio.master.file.contexts.MountContext#mergeFrom": "303",
  "alluxio.master.file.contexts.RenameContext#defaults": "547",
  "alluxio.master.file.contexts.ScheduleAsyncPersistenceContext#defaults": "188",
  "alluxio.master.file.contexts.SetAclContext#defaults": "953",
  "alluxio.master.file.contexts.SetAclContext#mergeFrom": "874",
  "alluxio.master.file.contexts.SetAttributeContext#defaults": "193",
  "alluxio.master.file.contexts.SetAttributeContext#mergeFrom": "329",
  "alluxio.master.file.meta.AbstractInodeTest#createInodeDirectory": "26",
  "alluxio.master.file.meta.AbstractInodeTest#createInodeFile": "364",
  "alluxio.master.file.meta.AsyncUfsAbsentPathCache#<clinit>": "477",
  "alluxio.master.file.meta.AsyncUfsAbsentPathCache#access$600": "617",
  "alluxio.master.file.meta.AsyncUfsAbsentPathCache#access$800": "557",
  "alluxio.master.file.meta.AsyncUfsAbsentPathCache#getMountInfo": "559",
  "alluxio.master.file.meta.AsyncUfsAbsentPathCache#processSinglePath": "100",
  "alluxio.master.file.meta.AsyncUfsAbsentPathCache$ProcessPathTask#run": "497",
  "alluxio.master.file.meta.AsyncUfsAbsentPathCacheTest#before": "352",
  "alluxio.master.file.meta.BaseInodeLockingTest#<init>": "182",
  "alluxio.master.file.meta.BaseInodeLockingTest#inodeDir": "399",
  "alluxio.master.file.meta.BaseInodeLockingTest#inodeFile": "1008",
  "alluxio.master.file.meta.CompositeInodeLockListTest#<init>": "684",
  "alluxio.master.file.meta.InodeDirectoryIdGenerator#getNewDirectoryId": "267",
  "alluxio.master.file.meta.InodeDirectoryIdGenerator#initialize": "1004",
  "alluxio.master.file.meta.InodeLockManager#<init>": "177",
  "alluxio.master.file.meta.InodeLockManagerTest#edgeLockTest": "550",
  "alluxio.master.file.meta.InodeLockManagerTest#inodeLockTest": "522",
  "alluxio.master.file.meta.InodeTree#checkPinningValidity": "703",
  "alluxio.master.file.meta.InodeTree#createPath": "490",
  "alluxio.master.file.meta.InodeTree#inheritOwnerAndGroupIfEmpty": "240",
  "alluxio.master.file.meta.InodeTree#initializeRoot": "457",
  "alluxio.master.file.meta.InodeTree#setPinned": "183",
  "alluxio.master.file.meta.InodeTree#syncPersistDirectory": "232",
  "alluxio.master.file.meta.InodeTree#syncPersistExistingDirectory": "696",
  "alluxio.master.file.meta.InodeTree#syncPersistNewDirectory": "124",
  "alluxio.master.file.meta.InodeTreeBufferedIterator#<init>": "18",
  "alluxio.master.file.meta.InodeTreePersistentState#applyAndJournal": "437",
  "alluxio.master.file.meta.InodeTreePersistentState#applyUpdateInode": "21",
  "alluxio.master.file.meta.InodeTreePersistentState#getJournalEntryIterator": "419",
  "alluxio.master.file.meta.InodeTreeTest#before": "558",
  "alluxio.master.file.meta.InodeTreeTest#beforeClass": "410",
  "alluxio.master.file.meta.InodeTreeTest#createPath": "395",
  "alluxio.master.file.meta.InodeTreeTest#verifyJournal": "980",
  "alluxio.master.file.meta.LazyUfsBlockLocationCache#<clinit>": "253",
  "alluxio.master.file.meta.LazyUfsBlockLocationCache#get": "695",
  "alluxio.master.file.meta.LazyUfsBlockLocationCacheTest#before": "126",
  "alluxio.master.file.meta.LockedInodePathTest#<init>": "1024",
  "alluxio.master.file.meta.MountTable#resolve": "869",
  "alluxio.master.file.meta.MountTableTest#<init>": "731",
  "alluxio.master.file.meta.MountTableTest#addMount": "87",
  "alluxio.master.file.meta.MountTableTest#before": "145",
  "alluxio.master.file.meta.SimpleInodeLockListTest#<init>": "56",
  "alluxio.master.file.meta.TtlBucket#<clinit>": "675",
  "alluxio.master.file.meta.TtlBucketList#getExpiredBuckets": "191",
  "alluxio.master.file.meta.TtlBucketListTest#<clinit>": "210",
  "alluxio.master.file.meta.TtlBucketTest#before": "986",
  "alluxio.master.file.meta.TtlIntervalRule$1#evaluate": "744",
  "alluxio.master.file.meta.TtlTestUtils#createDirectoryWithIdAndTtl": "227",
  "alluxio.master.file.meta.TtlTestUtils#createFileWithIdAndTtl": "474",
  "alluxio.master.file.meta.UfsAbsentPathCache$Factory#create": "1021",
  "alluxio.master.file.meta.UfsAbsentPathCacheTest#after": "392",
  "alluxio.master.file.meta.UfsBlockLocationCache$Factory#create": "866",
  "alluxio.master.file.meta.UfsSyncCachePathTest#before": "622",
  "alluxio.master.file.meta.UfsSyncPathCache#<clinit>": "358",
  "alluxio.master.file.replication.ReplicationCheckerTest#<init>": "374",
  "alluxio.master.file.replication.ReplicationCheckerTest#after": "616",
  "alluxio.master.file.replication.ReplicationCheckerTest#before": "840",
  "alluxio.master.file.replication.ReplicationCheckerTest#createBlockHelper": "760",
  "alluxio.master.journal.AbstractJournalSystem#start": "637",
  "alluxio.master.journal.AbstractJournalSystem#stop": "961",
  "alluxio.master.journal.AsyncJournalWriter#<init>": "674",
  "alluxio.master.journal.AsyncJournalWriter#doFlush": "992",
  "alluxio.master.journal.AsyncJournalWriterTest#after": "586",
  "alluxio.master.journal.AsyncJournalWriterTest#failedFlushInternal": "618",
  "alluxio.master.journal.AsyncJournalWriterTest#failedWriteInternal": "368",
  "alluxio.master.journal.AsyncJournalWriterTest#setupAsyncJournalWriter": "710",
  "alluxio.master.journal.AsyncJournalWriterTest#writesAndFlushesInternal": "842",
  "alluxio.master.journal.DelegatingJournaled#getJournalEntryIterator": "430",
  "alluxio.master.journal.JournalSystem$Builder#<init>": "924",
  "alluxio.master.journal.JournalSystem$Builder#build": "222",
  "alluxio.master.journal.JournalTestUtils#createJournalSystem": "662",
  "alluxio.master.journal.JournalUtils#getJournalLocation": "214",
  "alluxio.master.journal.MasterJournalContext#<clinit>": "217",
  "alluxio.master.journal.raft.RaftJournalConfiguration#defaults": "389",
  "alluxio.master.journal.raft.RaftJournalConfigurationTest#after": "860",
  "alluxio.master.journal.raft.RaftJournalConfigurationTest#before": "117",
  "alluxio.master.journal.raft.RaftJournalConfigurationTest#getConf": "244",
  "alluxio.master.journal.raft.transport.CopycatGrpcClient#lambda$connect$0": "379",
  "alluxio.master.journal.raft.transport.CopycatGrpcServer#lambda$listen$1": "996",
  "alluxio.master.journal.raft.transport.CopycatGrpcTransportTest#before": "34",
  "alluxio.master.journal.sink.JournalSinkTest#<init>": "112",
  "alluxio.master.journal.sink.JournalSinkTest#after": "821",
  "alluxio.master.journal.sink.JournalSinkTest#before": "935",
  "alluxio.master.journal.sink.JournalSinkTest#createDir": "556",
  "alluxio.master.journal.sink.JournalSinkTest#createFile": "817",
  "alluxio.master.journal.sink.JournalSinkTest#startMasters": "20",
  "alluxio.master.journal.sink.JournalSinkTest#stopMasters": "592",
  "alluxio.master.journal.ufs.UfsJournal#<init>": "190",
  "alluxio.master.journal.ufs.UfsJournal#catchUp": "751",
  "alluxio.master.journal.ufs.UfsJournal#close": "624",
  "alluxio.master.journal.ufs.UfsJournal#createJournalContext": "498",
  "alluxio.master.journal.ufs.UfsJournal#format": "746",
  "alluxio.master.journal.ufs.UfsJournal#gainPrimacy": "639",
  "alluxio.master.journal.ufs.UfsJournal#getCheckpointWriter": "153",
  "alluxio.master.journal.ufs.UfsJournal#getJournalUfsConf": "150",
  "alluxio.master.journal.ufs.UfsJournal#getNextSequenceNumberToCheckpoint": "484",
  "alluxio.master.journal.ufs.UfsJournal#isFormatted": "767",
  "alluxio.master.journal.ufs.UfsJournal#start": "768",
  "alluxio.master.journal.ufs.UfsJournalCheckpointThread#<init>": "995",
  "alluxio.master.journal.ufs.UfsJournalCheckpointThread#maybeCheckpoint": "672",
  "alluxio.master.journal.ufs.UfsJournalCheckpointThread#run": "535",
  "alluxio.master.journal.ufs.UfsJournalCheckpointThread#runInternal": "603",
  "alluxio.master.journal.ufs.UfsJournalCheckpointThread#writeCheckpoint": "155",
  "alluxio.master.journal.ufs.UfsJournalCheckpointThreadTest#after": "566",
  "alluxio.master.journal.ufs.UfsJournalCheckpointThreadTest#before": "583",
  "alluxio.master.journal.ufs.UfsJournalCheckpointThreadTest#buildCompletedLog": "878",
  "alluxio.master.journal.ufs.UfsJournalCheckpointThreadTest#buildIncompleteLog": "206",
  "alluxio.master.journal.ufs.UfsJournalCheckpointThreadTest#lambda$checkpointBeforeShutdown$0": "36",
  "alluxio.master.journal.ufs.UfsJournalCheckpointWriter#<init>": "780",
  "alluxio.master.journal.ufs.UfsJournalCheckpointWriter#cancel": "181",
  "alluxio.master.journal.ufs.UfsJournalCheckpointWriter#close": "335",
  "alluxio.master.journal.ufs.UfsJournalCheckpointWriter#create": "769",
  "alluxio.master.journal.ufs.UfsJournalCheckpointWriterTest#after": "491",
  "alluxio.master.journal.ufs.UfsJournalCheckpointWriterTest#before": "956",
  "alluxio.master.journal.ufs.UfsJournalConfTest#after": "2",
  "alluxio.master.journal.ufs.UfsJournalFileTest#before": "299",
  "alluxio.master.journal.ufs.UfsJournalGarbageCollector#<init>": "668",
  "alluxio.master.journal.ufs.UfsJournalGarbageCollector#gc": "465",
  "alluxio.master.journal.ufs.UfsJournalLogWriter#<init>": "585",
  "alluxio.master.journal.ufs.UfsJournalLogWriter#access$300": "473",
  "alluxio.master.journal.ufs.UfsJournalLogWriter#close": "882",
  "alluxio.master.journal.ufs.UfsJournalLogWriter#completeLog": "287",
  "alluxio.master.journal.ufs.UfsJournalLogWriter#createNewLogFile": "306",
  "alluxio.master.journal.ufs.UfsJournalLogWriter#flush": "489",
  "alluxio.master.journal.ufs.UfsJournalLogWriter#maybeRecoverFromUfsFailures": "736",
  "alluxio.master.journal.ufs.UfsJournalLogWriter#maybeRotateLog": "691",
  "alluxio.master.journal.ufs.UfsJournalLogWriter#recoverLastPersistedJournalEntry": "605",
  "alluxio.master.journal.ufs.UfsJournalLogWriter#write": "818",
  "alluxio.master.journal.ufs.UfsJournalLogWriter$JournalOutputStream#close": "573",
  "alluxio.master.journal.ufs.UfsJournalLogWriterTest#after": "543",
  "alluxio.master.journal.ufs.UfsJournalLogWriterTest#before": "346",
  "alluxio.master.journal.ufs.UfsJournalLogWriterTest#checkJournalEntries": "297",
  "alluxio.master.journal.ufs.UfsJournalLogWriterTest#writeJournalEntries": "999",
  "alluxio.master.journal.ufs.UfsJournalReader#advance": "370",
  "alluxio.master.journal.ufs.UfsJournalReader#updateInputStream": "356",
  "alluxio.master.journal.ufs.UfsJournalReader$JournalInputStream#<init>": "794",
  "alluxio.master.journal.ufs.UfsJournalReaderTest#after": "933",
  "alluxio.master.journal.ufs.UfsJournalReaderTest#before": "934",
  "alluxio.master.journal.ufs.UfsJournalReaderTest#buildCheckpoint": "380",
  "alluxio.master.journal.ufs.UfsJournalReaderTest#buildCompletedLog": "229",
  "alluxio.master.journal.ufs.UfsJournalReaderTest#buildIncompleteLog": "494",
  "alluxio.master.journal.ufs.UfsJournalSnapshot#getCurrentLog": "99",
  "alluxio.master.journal.ufs.UfsJournalSnapshot#getNextLogSequenceNumberToCheckpoint": "305",
  "alluxio.master.journal.ufs.UfsJournalSnapshot#getSnapshot": "718",
  "alluxio.master.journal.ufs.UfsJournalSnapshotTest#before": "578",
  "alluxio.master.journal.ufs.UfsJournalSystem#createJournal": "914",
  "alluxio.master.journal.ufs.UfsJournalSystem#lambda$gainPrimacy$1": "25",
  "alluxio.master.journal.ufs.UfsJournalSystem#startInternal": "466",
  "alluxio.master.journal.ufs.UfsJournalSystem#stopInternal": "536",
  "alluxio.master.journal.ufs.UfsJournalTest#before": "830",
  "alluxio.master.meta.AlluxioMasterRestServiceHandler#getCapacityBytes": "278",
  "alluxio.master.meta.AlluxioMasterRestServiceHandler#getConfiguration": "269",
  "alluxio.master.meta.AlluxioMasterRestServiceHandler#getConfigurationInternal": "482",
  "alluxio.master.meta.AlluxioMasterRestServiceHandler#getFreeBytes": "895",
  "alluxio.master.meta.AlluxioMasterRestServiceHandler#getMetrics": "128",
  "alluxio.master.meta.AlluxioMasterRestServiceHandler#getRpcAddress": "611",
  "alluxio.master.meta.AlluxioMasterRestServiceHandler#getStartTimeMs": "926",
  "alluxio.master.meta.AlluxioMasterRestServiceHandler#getUfsCapacityBytes": "945",
  "alluxio.master.meta.AlluxioMasterRestServiceHandler#getUfsCapacityInternal": "109",
  "alluxio.master.meta.AlluxioMasterRestServiceHandler#getUfsFreeBytes": "176",
  "alluxio.master.meta.AlluxioMasterRestServiceHandler#getUfsUsedBytes": "157",
  "alluxio.master.meta.AlluxioMasterRestServiceHandler#getUptimeMs": "202",
  "alluxio.master.meta.AlluxioMasterRestServiceHandler#getUsedBytes": "885",
  "alluxio.master.meta.AlluxioMasterRestServiceHandler#getVersion": "898",
  "alluxio.master.meta.AlluxioMasterRestServiceHandler#getWorkerCount": "688",
  "alluxio.master.meta.AlluxioMasterRestServiceHandler#getWorkerInfoList": "530",
  "alluxio.master.meta.AlluxioMasterRestServiceHandler#lambda$getConfiguration$15": "246",
  "alluxio.master.meta.AlluxioMasterRestServiceHandler#lambda$getUfsCapacityBytes$23": "669",
  "alluxio.master.meta.AlluxioMasterRestServiceHandler#lambda$getUfsFreeBytes$25": "345",
  "alluxio.master.meta.AlluxioMasterRestServiceHandler#lambda$getUfsUsedBytes$24": "375",
  "alluxio.master.meta.AlluxioMasterRestServiceHandlerTest#<init>": "265",
  "alluxio.master.meta.AlluxioMasterRestServiceHandlerTest#before": "158",
  "alluxio.master.meta.DefaultMetaMaster#<init>": "139",
  "alluxio.master.meta.DefaultMetaMaster#start": "852",
  "alluxio.master.meta.DefaultMetaMaster$LostMasterDetectionHeartbeatExecutor#heartbeat": "841",
  "alluxio.master.meta.MetaMasterFactory#create": "549",
  "alluxio.master.metastore.caching.Cache#<init>": "753",
  "alluxio.master.metastore.caching.CachingInodeStore#<init>": "560",
  "alluxio.master.metastore.caching.CachingInodeStore$InodeCache#<init>": "702",
  "alluxio.master.metastore.caching.CachingInodeStoreMockedBackingStoreTest#<clinit>": "443",
  "alluxio.master.metastore.caching.CachingInodeStoreMockedBackingStoreTest#before": "950",
  "alluxio.master.metastore.caching.CachingInodeStoreMockedBackingStoreTest#createInodeDir": "797",
  "alluxio.master.metastore.caching.CachingInodeStoreMockedBackingStoreTest#lambda$edgeIndexTest$0": "445",
  "alluxio.master.metrics.DefaultMetricsMaster#<init>": "363",
  "alluxio.master.metrics.DefaultMetricsMaster#addAggregator": "940",
  "alluxio.master.metrics.DefaultMetricsMaster#registerAggregators": "765",
  "alluxio.master.metrics.MetricsMasterFactory#create": "666",
  "alluxio.master.metrics.MetricsMasterTest#before": "635",
  "alluxio.metrics.MetricsSystem#<clinit>": "471",
  "alluxio.metrics.MetricsSystemTest#<clinit>": "850",
  "alluxio.network.TieredIdentityFactory#create": "247",
  "alluxio.network.TieredIdentityFactory#fromScript": "251",
  "alluxio.network.TieredIdentityFactory#fromString": "822",
  "alluxio.network.TieredIdentityFactory#localIdentity": "415",
  "alluxio.network.TieredIdentityFactoryTest#before": "312",
  "alluxio.network.TieredIdentityFactoryTest#runScriptWithOutput": "881",
  "alluxio.resource.ResourcePool#acquire": "871",
  "alluxio.security.authentication.AuthenticatedClientUser#get": "84",
  "alluxio.security.authentication.AuthenticatedClientUser#getClientUser": "845",
  "alluxio.security.authentication.AuthenticationProvider$Factory#create": "789",
  "alluxio.security.authentication.AuthenticationUserUtils#getImpersonationUser": "221",
  "alluxio.security.authentication.ChannelAuthenticator#<init>": "118",
  "alluxio.security.authentication.ChannelAuthenticator#authenticate": "634",
  "alluxio.security.authentication.ChannelAuthenticator$DefaultAuthenticatedChannel#<init>": "761",
  "alluxio.security.authentication.ChannelAuthenticator$DefaultAuthenticatedChannel#authenticate": "661",
  "alluxio.security.authentication.ChannelAuthenticator$DefaultAuthenticatedChannel#createSaslClientHandler": "9",
  "alluxio.security.authentication.DefaultAuthenticationServer#<init>": "745",
  "alluxio.security.authentication.DefaultAuthenticationServer#createSaslHandler": "146",
  "alluxio.security.authentication.GrpcSecurityTest#before": "836",
  "alluxio.security.authentication.GrpcSecurityTest#createServer": "259",
  "alluxio.security.authentication.GrpcSecurityTest#getServerConnectAddress": "79",
  "alluxio.security.authentication.ImpersonationAuthenticator#<init>": "233",
  "alluxio.security.authentication.PlainSaslServerCallbackHandlerTest#<init>": "61",
  "alluxio.security.authentication.PlainSaslServerCallbackHandlerTest#before": "31",
  "alluxio.security.authentication.SaslHandlersTest#<init>": "192",
  "alluxio.security.authentication.SaslStreamServerDriver#onNext": "958",
  "alluxio.security.authentication.plain.PlainSaslServerCallbackHandler#<init>": "570",
  "alluxio.security.authentication.plain.SaslClientHandlerPlain#<init>": "262",
  "alluxio.security.authentication.plain.SaslServerHandlerPlain#<init>": "859",
  "alluxio.security.authorization.ModeTest#before": "30",
  "alluxio.security.group.GroupMappingService$Factory#get": "805",
  "alluxio.security.user.BaseUserState#getSubject": "743",
  "alluxio.security.user.BaseUserState#getUser": "205",
  "alluxio.security.user.BaseUserState#tryLogin": "458",
  "alluxio.security.user.NoopUserState$Factory#create": "268",
  "alluxio.security.user.ServerUserState#<clinit>": "812",
  "alluxio.security.user.SimpleUserState#login": "407",
  "alluxio.security.user.SimpleUserState$Factory#create": "273",
  "alluxio.security.user.UserState$Factory#create": "773",
  "alluxio.security.user.UserStateTest#<init>": "254",
  "alluxio.underfs.AbstractUfsManager#addMount": "248",
  "alluxio.underfs.AbstractUfsManager#getOrAdd": "114",
  "alluxio.underfs.AbstractUfsManager#getRoot": "405",
  "alluxio.underfs.AbstractUfsManager#lambda$addMount$0": "280",
  "alluxio.underfs.BaseUnderFileSystem#create": "160",
  "alluxio.underfs.BaseUnderFileSystem#listStatus": "496",
  "alluxio.underfs.BaseUnderFileSystem#mkdirs": "584",
  "alluxio.underfs.ConsistentUnderFileSystem#getExistingFileStatus": "938",
  "alluxio.underfs.MasterUfsManager#addMount": "796",
  "alluxio.underfs.MasterUfsManager#connectUfs": "699",
  "alluxio.underfs.UfsManager$UfsClient#<init>": "393",
  "alluxio.underfs.UfsManager$UfsClient#acquireUfsResource": "200",
  "alluxio.underfs.UnderFileSystem$Factory#create": "623",
  "alluxio.underfs.UnderFileSystemConfiguration#getMountSpecificConf": "239",
  "alluxio.underfs.UnderFileSystemConfiguration#lambda$getMountSpecificConf$0": "533",
  "alluxio.underfs.UnderFileSystemConfigurationTest#before": "290",
  "alluxio.underfs.UnderFileSystemFactoryRegistry#find": "979",
  "alluxio.underfs.UnderFileSystemFactoryRegistry#findAll": "197",
  "alluxio.underfs.UnderFileSystemTest#before": "134",
  "alluxio.underfs.UnderFileSystemWithLogging#call": "164",
  "alluxio.underfs.UnderFileSystemWithLogging#connectFromMaster": "420",
  "alluxio.underfs.UnderFileSystemWithLogging#create": "433",
  "alluxio.underfs.UnderFileSystemWithLogging#deleteDirectory": "319",
  "alluxio.underfs.UnderFileSystemWithLogging#deleteExistingDirectory": "650",
  "alluxio.underfs.UnderFileSystemWithLogging#deleteExistingFile": "304",
  "alluxio.underfs.UnderFileSystemWithLogging#deleteFile": "899",
  "alluxio.underfs.UnderFileSystemWithLogging#exists": "647",
  "alluxio.underfs.UnderFileSystemWithLogging#getAclPair": "450",
  "alluxio.underfs.UnderFileSystemWithLogging#getExistingDirectoryStatus": "469",
  "alluxio.underfs.UnderFileSystemWithLogging#getExistingFileStatus": "641",
  "alluxio.underfs.UnderFileSystemWithLogging#getFileLocations": "70",
  "alluxio.underfs.UnderFileSystemWithLogging#getFingerprint": "875",
  "alluxio.underfs.UnderFileSystemWithLogging#getQualifiedMetricName": "68",
  "alluxio.underfs.UnderFileSystemWithLogging#getSpace": "657",
  "alluxio.underfs.UnderFileSystemWithLogging#getStatus": "990",
  "alluxio.underfs.UnderFileSystemWithLogging#isDirectory": "612",
  "alluxio.underfs.UnderFileSystemWithLogging#isFile": "553",
  "alluxio.underfs.UnderFileSystemWithLogging#listStatus": "687",
  "alluxio.underfs.UnderFileSystemWithLogging#mkdirs": "398",
  "alluxio.underfs.UnderFileSystemWithLogging#open": "472",
  "alluxio.underfs.UnderFileSystemWithLogging#openExistingFile": "628",
  "alluxio.underfs.UnderFileSystemWithLogging#renameFile": "627",
  "alluxio.underfs.UnderFileSystemWithLogging#renameRenamableFile": "387",
  "alluxio.underfs.UnderFileSystemWithLogging#setAclEntries": "991",
  "alluxio.underfs.UnderFileSystemWithLogging#setMode": "864",
  "alluxio.underfs.UnderFileSystemWithLogging#setOwner": "271",
  "alluxio.underfs.UnderFileSystemWithLogging$$EnhancerByMockitoWithCGLIB$$397fb25b#CGLIB$create$48": "1",
  "alluxio.underfs.UnderFileSystemWithLogging$$EnhancerByMockitoWithCGLIB$$397fb25b#CGLIB$create$49": "683",
  "alluxio.underfs.UnderFileSystemWithLogging$$EnhancerByMockitoWithCGLIB$$397fb25b#CGLIB$deleteFile$45": "591",
  "alluxio.underfs.UnderFileSystemWithLogging$$EnhancerByMockitoWithCGLIB$$397fb25b#CGLIB$listStatus$22": "322",
  "alluxio.underfs.UnderFileSystemWithLogging$$EnhancerByMockitoWithCGLIB$$397fb25b#CGLIB$listStatus$27": "972",
  "alluxio.underfs.UnderFileSystemWithLogging$$EnhancerByMockitoWithCGLIB$$397fb25b#CGLIB$listStatus$29": "8",
  "alluxio.underfs.UnderFileSystemWithLogging$$EnhancerByMockitoWithCGLIB$$397fb25b#CGLIB$listStatus$3": "615",
  "alluxio.underfs.UnderFileSystemWithLogging$$EnhancerByMockitoWithCGLIB$$397fb25b#CGLIB$listStatus$4": "185",
  "alluxio.underfs.UnderFileSystemWithLogging$$EnhancerByMockitoWithCGLIB$$397fb25b#CGLIB$listStatus$7": "152",
  "alluxio.underfs.UnderFileSystemWithLogging$$EnhancerByMockitoWithCGLIB$$397fb25b#CGLIB$open$57": "286",
  "alluxio.underfs.UnderFileSystemWithLogging$$EnhancerByMockitoWithCGLIB$$397fb25b#CGLIB$renameFile$42": "597",
  "alluxio.underfs.UnderFileSystemWithLogging$$EnhancerByMockitoWithCGLIB$$397fb25b#CGLIB$renameFile$45": "858",
  "alluxio.underfs.UnderFileSystemWithLogging$$EnhancerByMockitoWithCGLIB$$397fb25b#CGLIB$renameFile$46": "263",
  "alluxio.underfs.UnderFileSystemWithLogging$$EnhancerByMockitoWithCGLIB$$397fb25b#create": "518",
  "alluxio.underfs.UnderFileSystemWithLogging$$EnhancerByMockitoWithCGLIB$$397fb25b#deleteFile": "596",
  "alluxio.underfs.UnderFileSystemWithLogging$$EnhancerByMockitoWithCGLIB$$397fb25b#listStatus": "211",
  "alluxio.underfs.UnderFileSystemWithLogging$$EnhancerByMockitoWithCGLIB$$397fb25b#open": "226",
  "alluxio.underfs.UnderFileSystemWithLogging$$EnhancerByMockitoWithCGLIB$$397fb25b#renameFile": "588",
  "alluxio.underfs.UnderFileSystemWithLogging$$EnhancerByMockitoWithCGLIB$$397fb25b$$FastClassByMockitoWithCGLIB$$8b683451#invoke": "362",
  "alluxio.underfs.UnderFileSystemWithLogging$$EnhancerByMockitoWithCGLIB$$3dfcdf5b#CGLIB$create$48": "237",
  "alluxio.underfs.UnderFileSystemWithLogging$$EnhancerByMockitoWithCGLIB$$3dfcdf5b#CGLIB$create$49": "636",
  "alluxio.underfs.UnderFileSystemWithLogging$$EnhancerByMockitoWithCGLIB$$3dfcdf5b#CGLIB$listStatus$4": "6",
  "alluxio.underfs.UnderFileSystemWithLogging$$EnhancerByMockitoWithCGLIB$$3dfcdf5b#CGLIB$listStatus$5": "39",
  "alluxio.underfs.UnderFileSystemWithLogging$$EnhancerByMockitoWithCGLIB$$3dfcdf5b#CGLIB$mkdirs$53": "741",
  "alluxio.underfs.UnderFileSystemWithLogging$$EnhancerByMockitoWithCGLIB$$3dfcdf5b#CGLIB$open$57": "189",
  "alluxio.underfs.UnderFileSystemWithLogging$$EnhancerByMockitoWithCGLIB$$3dfcdf5b#CGLIB$renameFile$2": "565",
  "alluxio.underfs.UnderFileSystemWithLogging$$EnhancerByMockitoWithCGLIB$$3dfcdf5b#create": "973",
  "alluxio.underfs.UnderFileSystemWithLogging$$EnhancerByMockitoWithCGLIB$$3dfcdf5b#listStatus": "856",
  "alluxio.underfs.UnderFileSystemWithLogging$$EnhancerByMockitoWithCGLIB$$3dfcdf5b#mkdirs": "594",
  "alluxio.underfs.UnderFileSystemWithLogging$$EnhancerByMockitoWithCGLIB$$3dfcdf5b#open": "795",
  "alluxio.underfs.UnderFileSystemWithLogging$$EnhancerByMockitoWithCGLIB$$3dfcdf5b#renameFile": "15",
  "alluxio.underfs.UnderFileSystemWithLogging$$EnhancerByMockitoWithCGLIB$$3dfcdf5b$$FastClassByMockitoWithCGLIB$$be1f52dc#invoke": "712",
  "alluxio.underfs.UnderFileSystemWithLogging$$EnhancerByMockitoWithCGLIB$$aa9ec354#CGLIB$create$49": "421",
  "alluxio.underfs.UnderFileSystemWithLogging$$EnhancerByMockitoWithCGLIB$$aa9ec354#CGLIB$deleteFile$1": "179",
  "alluxio.underfs.UnderFileSystemWithLogging$$EnhancerByMockitoWithCGLIB$$aa9ec354#CGLIB$deleteFile$2": "452",
  "alluxio.underfs.UnderFileSystemWithLogging$$EnhancerByMockitoWithCGLIB$$aa9ec354#CGLIB$deleteFile$6": "832",
  "alluxio.underfs.UnderFileSystemWithLogging$$EnhancerByMockitoWithCGLIB$$aa9ec354#CGLIB$exists$47": "561",
  "alluxio.underfs.UnderFileSystemWithLogging$$EnhancerByMockitoWithCGLIB$$aa9ec354#CGLIB$listStatus$4": "288",
  "alluxio.underfs.UnderFileSystemWithLogging$$EnhancerByMockitoWithCGLIB$$aa9ec354#CGLIB$listStatus$42": "717",
  "alluxio.underfs.UnderFileSystemWithLogging$$EnhancerByMockitoWithCGLIB$$aa9ec354#CGLIB$listStatus$43": "5",
  "alluxio.underfs.UnderFileSystemWithLogging$$EnhancerByMockitoWithCGLIB$$aa9ec354#CGLIB$listStatus$5": "459",
  "alluxio.underfs.UnderFileSystemWithLogging$$EnhancerByMockitoWithCGLIB$$aa9ec354#CGLIB$listStatus$8": "784",
  "alluxio.underfs.UnderFileSystemWithLogging$$EnhancerByMockitoWithCGLIB$$aa9ec354#CGLIB$mkdirs$53": "408",
  "alluxio.underfs.UnderFileSystemWithLogging$$EnhancerByMockitoWithCGLIB$$aa9ec354#CGLIB$renameFile$2": "13",
  "alluxio.underfs.UnderFileSystemWithLogging$$EnhancerByMockitoWithCGLIB$$aa9ec354#CGLIB$renameFile$3": "62",
  "alluxio.underfs.UnderFileSystemWithLogging$$EnhancerByMockitoWithCGLIB$$aa9ec354#create": "763",
  "alluxio.underfs.UnderFileSystemWithLogging$$EnhancerByMockitoWithCGLIB$$aa9ec354#deleteFile": "216",
  "alluxio.underfs.UnderFileSystemWithLogging$$EnhancerByMockitoWithCGLIB$$aa9ec354#exists": "900",
  "alluxio.underfs.UnderFileSystemWithLogging$$EnhancerByMockitoWithCGLIB$$aa9ec354#listStatus": "220",
  "alluxio.underfs.UnderFileSystemWithLogging$$EnhancerByMockitoWithCGLIB$$aa9ec354#mkdirs": "377",
  "alluxio.underfs.UnderFileSystemWithLogging$$EnhancerByMockitoWithCGLIB$$aa9ec354#renameFile": "417",
  "alluxio.underfs.UnderFileSystemWithLogging$$EnhancerByMockitoWithCGLIB$$aa9ec354$$FastClassByMockitoWithCGLIB$$7d33983a#invoke": "175",
  "alluxio.underfs.UnderFileSystemWithLogging$$EnhancerByMockitoWithCGLIB$$f0a69bba#CGLIB$create$48": "711",
  "alluxio.underfs.UnderFileSystemWithLogging$$EnhancerByMockitoWithCGLIB$$f0a69bba#CGLIB$create$49": "931",
  "alluxio.underfs.UnderFileSystemWithLogging$$EnhancerByMockitoWithCGLIB$$f0a69bba#CGLIB$listStatus$11": "147",
  "alluxio.underfs.UnderFileSystemWithLogging$$EnhancerByMockitoWithCGLIB$$f0a69bba#CGLIB$listStatus$12": "1002",
  "alluxio.underfs.UnderFileSystemWithLogging$$EnhancerByMockitoWithCGLIB$$f0a69bba#CGLIB$listStatus$13": "509",
  "alluxio.underfs.UnderFileSystemWithLogging$$EnhancerByMockitoWithCGLIB$$f0a69bba#CGLIB$listStatus$45": "66",
  "alluxio.underfs.UnderFileSystemWithLogging$$EnhancerByMockitoWithCGLIB$$f0a69bba#CGLIB$listStatus$5": "988",
  "alluxio.underfs.UnderFileSystemWithLogging$$EnhancerByMockitoWithCGLIB$$f0a69bba#CGLIB$listStatus$7": "261",
  "alluxio.underfs.UnderFileSystemWithLogging$$EnhancerByMockitoWithCGLIB$$f0a69bba#CGLIB$listStatus$8": "923",
  "alluxio.underfs.UnderFileSystemWithLogging$$EnhancerByMockitoWithCGLIB$$f0a69bba#CGLIB$mkdirs$53": "28",
  "alluxio.underfs.UnderFileSystemWithLogging$$EnhancerByMockitoWithCGLIB$$f0a69bba#CGLIB$open$57": "104",
  "alluxio.underfs.UnderFileSystemWithLogging$$EnhancerByMockitoWithCGLIB$$f0a69bba#CGLIB$renameFile$2": "270",
  "alluxio.underfs.UnderFileSystemWithLogging$$EnhancerByMockitoWithCGLIB$$f0a69bba#create": "781",
  "alluxio.underfs.UnderFileSystemWithLogging$$EnhancerByMockitoWithCGLIB$$f0a69bba#listStatus": "129",
  "alluxio.underfs.UnderFileSystemWithLogging$$EnhancerByMockitoWithCGLIB$$f0a69bba#mkdirs": "630",
  "alluxio.underfs.UnderFileSystemWithLogging$$EnhancerByMockitoWithCGLIB$$f0a69bba#open": "241",
  "alluxio.underfs.UnderFileSystemWithLogging$$EnhancerByMockitoWithCGLIB$$f0a69bba#renameFile": "40",
  "alluxio.underfs.UnderFileSystemWithLogging$$EnhancerByMockitoWithCGLIB$$f0a69bba$$FastClassByMockitoWithCGLIB$$a62147c6#invoke": "32",
  "alluxio.underfs.UnderFileSystemWithLogging$20#call": "521",
  "alluxio.underfs.UnderFileSystemWithLogging$21#call": "178",
  "alluxio.underfs.UnderFileSystemWithLogging$23#call": "589",
  "alluxio.underfs.UnderFileSystemWithLogging$31#call": "685",
  "alluxio.underfs.UnderFileSystemWithLogging$32#call": "1023",
  "alluxio.underfs.UnderFileSystemWithLogging$33#call": "919",
  "alluxio.underfs.UnderFileSystemWithLogging$34#call": "388",
  "alluxio.underfs.UnderFileSystemWithLogging$5#call": "69",
  "alluxio.underfs.local.LocalUnderFileSystem#getFileLocations": "815",
  "alluxio.underfs.local.LocalUnderFileSystem#getFileStatus": "384",
  "alluxio.underfs.local.LocalUnderFileSystem#listStatus": "428",
  "alluxio.underfs.local.LocalUnderFileSystem#mkdirs": "640",
  "alluxio.underfs.local.LocalUnderFileSystem#setOwner": "839",
  "alluxio.underfs.options.CreateOptions#defaults": "728",
  "alluxio.underfs.options.CreateOptionsTest#before": "1009",
  "alluxio.underfs.options.MkdirsOptions#defaults": "173",
  "alluxio.underfs.options.MkdirsOptionsTest#before": "888",
  "alluxio.util.CommonUtils#createNewClassInstance": "453",
  "alluxio.util.CommonUtils#getGroups": "528",
  "alluxio.util.CommonUtils#getPrimaryGroupName": "135",
  "alluxio.util.CommonUtils#getWorkerDataDirectory": "927",
  "alluxio.util.CommonUtils#isLocalHost": "776",
  "alluxio.util.CommonUtils#lambda$waitFor$1": "883",
  "alluxio.util.CommonUtils#waitFor": "108",
  "alluxio.util.CommonUtils#waitForResult": "159",
  "alluxio.util.CommonUtilsTest#getGroups": "219",
  "alluxio.util.ConfigurationUtils#checkRatio": "679",
  "alluxio.util.ConfigurationUtils#defaults": "726",
  "alluxio.util.ConfigurationUtils#getConfiguration": "908",
  "alluxio.util.ConfigurationUtils#getEmbeddedJournalAddresses": "750",
  "alluxio.util.ConfigurationUtils#getJobMasterEmbeddedJournalAddresses": "600",
  "alluxio.util.ConfigurationUtils#getJobMasterRpcAddresses": "416",
  "alluxio.util.ConfigurationUtils#getMasterEmbeddedJournalAddresses": "77",
  "alluxio.util.ConfigurationUtils#getMasterRpcAddresses": "447",
  "alluxio.util.ConfigurationUtils#isHaMode": "678",
  "alluxio.util.ConfigurationUtils#loadConfiguration": "121",
  "alluxio.util.ConfigurationUtils#reloadProperties": "454",
  "alluxio.util.ConfigurationUtilsTest#createConf": "88",
  "alluxio.util.ConfigurationUtilsTest#getJobMasterRpcAddressesDefault": "256",
  "alluxio.util.FileSystemOptions#commonDefaults": "707",
  "alluxio.util.FileSystemOptions#createDirectoryDefaults": "1005",
  "alluxio.util.FileSystemOptions#createFileDefaults": "1011",
  "alluxio.util.FileSystemOptions#deleteDefaults": "870",
  "alluxio.util.FileSystemOptions#freeDefaults": "451",
  "alluxio.util.FileSystemOptions#getStatusDefaults": "564",
  "alluxio.util.FileSystemOptions#listStatusDefaults": "771",
  "alluxio.util.FileSystemOptions#loadMetadataDefaults": "673",
  "alluxio.util.FileSystemOptions#mountDefaults": "327",
  "alluxio.util.FileSystemOptions#openFileDefaults": "893",
  "alluxio.util.FileSystemOptions#renameDefaults": "313",
  "alluxio.util.FileSystemOptions#scheduleAsyncPersistDefaults": "872",
  "alluxio.util.FileSystemOptions#scheduleAsyncPersistenceDefaults": "700",
  "alluxio.util.FileSystemOptions#setAclDefaults": "861",
  "alluxio.util.FileSystemOptions#setAttributeClientDefaults": "670",
  "alluxio.util.FileSystemOptions#setAttributeDefaults": "985",
  "alluxio.util.FileSystemOptions#unmountDefaults": "793",
  "alluxio.util.FileSystemOptionsTest#before": "998",
  "alluxio.util.IdUtils#createOrGetAppIdFromConfig": "103",
  "alluxio.util.SecurityUtils#getGroup": "941",
  "alluxio.util.SecurityUtils#getGroupFromGrpcClient": "829",
  "alluxio.util.SecurityUtils#getOwnerFromGrpcClient": "309",
  "alluxio.util.SecurityUtils#isAuthenticationEnabled": "282",
  "alluxio.util.SecurityUtils#isAuthorizationEnabled": "283",
  "alluxio.util.SecurityUtils#isSecurityEnabled": "847",
  "alluxio.util.SecurityUtilsTest#before": "816",
  "alluxio.util.TieredIdentityUtils#nearest": "582",
  "alluxio.util.UnderFileSystemUtils#touch": "284",
  "alluxio.util.io.FileUtilsTest#<init>": "317",
  "alluxio.util.network.NettyUtils#getChannelType": "250",
  "alluxio.util.network.NettyUtils#getUserChannel": "918",
  "alluxio.util.network.NetworkAddressUtils#getBindAddress": "936",
  "alluxio.util.network.NetworkAddressUtils#getBindHost": "532",
  "alluxio.util.network.NetworkAddressUtils#getClientHostName": "432",
  "alluxio.util.network.NetworkAddressUtils#getConnectAddress": "876",
  "alluxio.util.network.NetworkAddressUtils#getConnectHost": "579",
  "alluxio.util.network.NetworkAddressUtils#getLocalNodeName": "372",
  "alluxio.util.network.NetworkAddressUtils#getPort": "0",
  "alluxio.util.network.NetworkAddressUtilsTest#<init>": "982",
  "alluxio.util.network.NetworkAddressUtilsTest#getBindAddress": "292",
  "alluxio.util.network.NetworkAddressUtilsTest#getConnectAddress": "212",
  "alluxio.web.MasterWebServer#<init>": "962",
  "alluxio.web.WebServer#<init>": "811",
  "alluxio.wire.TieredIdentityTest#<init>": "721",
  "alluxio.worker.block.BlockLockManager#<init>": "663",
  "alluxio.worker.block.BlockLockManager#getBlockLock": "442",
  "alluxio.worker.block.BlockLockManager#lockBlock": "604",
  "alluxio.worker.block.BlockLockManager$1#createNewResource": "96",
  "alluxio.worker.block.BlockLockManagerTest#after": "642",
  "alluxio.worker.block.BlockLockManagerTest#before": "803",
  "alluxio.worker.block.BlockLockManagerTest$3#run": "333",
  "alluxio.worker.block.BlockMasterClientPool#<init>": "1020",
  "alluxio.worker.block.BlockMetadataManager#<init>": "1022",
  "alluxio.worker.block.BlockMetadataManager#createBlockMetadataManager": "310",
  "alluxio.worker.block.BlockMetadataManagerTest#before": "574",
  "alluxio.worker.block.BlockMetadataViewTest#before": "774",
  "alluxio.worker.block.BlockMetricsReporter#<clinit>": "1027",
  "alluxio.worker.block.BlockMetricsReporter#<init>": "281",
  "alluxio.worker.block.BlockStoreMetaTest#before": "929",
  "alluxio.worker.block.BlockWorkerMetricsTest#before": "608",
  "alluxio.worker.block.BlockWorkerTest#<init>": "562",
  "alluxio.worker.block.BlockWorkerTest#before": "968",
  "alluxio.worker.block.ClientRWLock#<clinit>": "790",
  "alluxio.worker.block.ClientRWLockTest#before": "1014",
  "alluxio.worker.block.DefaultBlockWorker#<init>": "779",
  "alluxio.worker.block.DefaultBlockWorker#createBlock": "98",
  "alluxio.worker.block.SpaceReserver#<init>": "706",
  "alluxio.worker.block.SpaceReserver#updateStorageInfo": "172",
  "alluxio.worker.block.SpaceReserverTest#before": "966",
  "alluxio.worker.block.TieredBlockStore#<clinit>": "580",
  "alluxio.worker.block.TieredBlockStore#<init>": "186",
  "alluxio.worker.block.TieredBlockStore#abortBlock": "369",
  "alluxio.worker.block.TieredBlockStore#abortBlockInternal": "733",
  "alluxio.worker.block.TieredBlockStore#commitBlock": "671",
  "alluxio.worker.block.TieredBlockStore#commitBlockInternal": "681",
  "alluxio.worker.block.TieredBlockStore#createBlock": "645",
  "alluxio.worker.block.TieredBlockStore#createBlockFile": "619",
  "alluxio.worker.block.TieredBlockStore#freeSpace": "568",
  "alluxio.worker.block.TieredBlockStore#freeSpaceInternal": "424",
  "alluxio.worker.block.TieredBlockStore#getBlockWriter": "697",
  "alluxio.worker.block.TieredBlockStore#lockBlock": "676",
  "alluxio.worker.block.TieredBlockStore#moveBlock": "786",
  "alluxio.worker.block.TieredBlockStore#moveBlockInternal": "545",
  "alluxio.worker.block.TieredBlockStore#removeBlock": "977",
  "alluxio.worker.block.TieredBlockStore#removeBlockInternal": "252",
  "alluxio.worker.block.TieredBlockStore$$EnhancerByMockitoWithCGLIB$$4813a5a5#CGLIB$abortBlock$7": "37",
  "alluxio.worker.block.TieredBlockStore$$EnhancerByMockitoWithCGLIB$$4813a5a5#CGLIB$createBlock$5": "828",
  "alluxio.worker.block.TieredBlockStore$$EnhancerByMockitoWithCGLIB$$4813a5a5#CGLIB$getBlockWriter$8": "65",
  "alluxio.worker.block.TieredBlockStore$$EnhancerByMockitoWithCGLIB$$4813a5a5#abortBlock": "249",
  "alluxio.worker.block.TieredBlockStore$$EnhancerByMockitoWithCGLIB$$4813a5a5#createBlock": "279",
  "alluxio.worker.block.TieredBlockStore$$EnhancerByMockitoWithCGLIB$$4813a5a5#getBlockWriter": "116",
  "alluxio.worker.block.TieredBlockStore$$EnhancerByMockitoWithCGLIB$$4813a5a5$$FastClassByMockitoWithCGLIB$$c332f84c#invoke": "843",
  "alluxio.worker.block.TieredBlockStoreTest#before": "724",
  "alluxio.worker.block.TieredBlockStoreTestUtils#cache": "517",
  "alluxio.worker.block.TieredBlockStoreTestUtils#createTempBlock": "245",
  "alluxio.worker.block.TieredBlockStoreTestUtils#defaultMetadataManager": "357",
  "alluxio.worker.block.TieredBlockStoreTestUtils#defaultMetadataManagerView": "664",
  "alluxio.worker.block.TieredBlockStoreTestUtils#setupConfWithMultiTier": "136",
  "alluxio.worker.block.TieredBlockStoreTestUtils#setupConfWithSingleTier": "540",
  "alluxio.worker.block.TieredBlockStoreTestUtils#setupDefaultConf": "719",
  "alluxio.worker.block.UfsInputStreamManager#<clinit>": "787",
  "alluxio.worker.block.UfsInputStreamManager#<init>": "680",
  "alluxio.worker.block.UfsInputStreamManager#acquire": "602",
  "alluxio.worker.block.UfsInputStreamManagerTest#before": "799",
  "alluxio.worker.block.UnderFileSystemBlockReader#<init>": "449",
  "alluxio.worker.block.UnderFileSystemBlockReader#cancelBlockWriter": "198",
  "alluxio.worker.block.UnderFileSystemBlockReader#close": "834",
  "alluxio.worker.block.UnderFileSystemBlockReader#create": "748",
  "alluxio.worker.block.UnderFileSystemBlockReader#init": "534",
  "alluxio.worker.block.UnderFileSystemBlockReader#read": "939",
  "alluxio.worker.block.UnderFileSystemBlockReader#updateBlockWriter": "974",
  "alluxio.worker.block.UnderFileSystemBlockReader#updateUnderFileSystemInputStream": "180",
  "alluxio.worker.block.UnderFileSystemBlockReaderTest#<init>": "456",
  "alluxio.worker.block.UnderFileSystemBlockReaderTest#before": "255",
  "alluxio.worker.block.UnderFileSystemBlockReaderTest#checkTempBlock": "141",
  "alluxio.worker.block.UnderFileSystemBlockReaderTest#lambda$before$0": "385",
  "alluxio.worker.block.UnderFileSystemBlockStore#<init>": "331",
  "alluxio.worker.block.allocator.Allocator$Factory#create": "921",
  "alluxio.worker.block.allocator.AllocatorContractTest#before": "476",
  "alluxio.worker.block.allocator.AllocatorFactoryTest#after": "73",
  "alluxio.worker.block.allocator.AllocatorFactoryTest#before": "266",
  "alluxio.worker.block.allocator.AllocatorTestBase#before": "291",
  "alluxio.worker.block.allocator.AllocatorTestBase#resetManagerView": "1025",
  "alluxio.worker.block.evictor.Evictor$Factory#create": "218",
  "alluxio.worker.block.evictor.EvictorFactoryTest#after": "82",
  "alluxio.worker.block.evictor.EvictorFactoryTest#before": "693",
  "alluxio.worker.block.evictor.EvictorTestBase#cache": "506",
  "alluxio.worker.block.evictor.EvictorTestBase#init": "508",
  "alluxio.worker.block.evictor.LRFUEvictor#<init>": "538",
  "alluxio.worker.block.evictor.LRFUEvictorTest#before": "58",
  "alluxio.worker.block.evictor.LRFUEvictorTest#cache": "993",
  "alluxio.worker.block.evictor.LRUEvictorTest#after": "475",
  "alluxio.worker.block.evictor.LRUEvictorTest#before": "97",
  "alluxio.worker.block.evictor.PartialLRUEvictorTest#after": "981",
  "alluxio.worker.block.evictor.PartialLRUEvictorTest#before": "507",
  "alluxio.worker.block.meta.AbstractBlockMeta#tempPath": "414",
  "alluxio.worker.block.meta.AbstractBlockMetaTest#before": "854",
  "alluxio.worker.block.meta.BlockMetaTest#before": "470",
  "alluxio.worker.block.meta.StorageDir#initializeMeta": "833",
  "alluxio.worker.block.meta.StorageDir#newStorageDir": "546",
  "alluxio.worker.block.meta.StorageDirTest#before": "677",
  "alluxio.worker.block.meta.StorageDirTest#newStorageDir": "196",
  "alluxio.worker.block.meta.StorageDirViewTest#before": "468",
  "alluxio.worker.block.meta.StorageTier#<init>": "877",
  "alluxio.worker.block.meta.StorageTier#initStorageTier": "887",
  "alluxio.worker.block.meta.StorageTier#newStorageTier": "911",
  "alluxio.worker.block.meta.StorageTierTest#before": "225",
  "alluxio.worker.block.meta.StorageTierViewTest#before": "932",
  "alluxio.worker.block.meta.TempBlockMeta#getPath": "807",
  "alluxio.worker.block.meta.TempBlockMetaTest#before": "749",
  "alluxio.worker.file.FileDataManager#persistFile": "277",
  "alluxio.worker.file.FileDataManagerTest#after": "884",
  "alluxio.worker.file.FileDataManagerTest#before": "531",
  "alluxio.worker.file.FileDataManagerTest#writeFileWithBlocks": "435",
  "alluxio.worker.file.FileWorkerMasterSyncExecutor#<init>": "33",
  "alluxio.worker.file.FileWorkerMasterSyncExecutorTest#before": "886",
  "alluxio.worker.file.UnderFileSystemUtils#prepareFilePath": "167",
  "alluxio.worker.file.UnderFileSystemUtilsTest#createMkdirsOptions": "355",
  "alluxio.worker.grpc.AbstractReadHandler#<clinit>": "969",
  "alluxio.worker.grpc.AbstractReadHandler#onNext": "960",
  "alluxio.worker.grpc.AbstractWriteHandler#<init>": "802",
  "alluxio.worker.grpc.AbstractWriteHandler#lambda$onCompleted$2": "577",
  "alluxio.worker.grpc.AbstractWriteHandler#lambda$write$0": "873",
  "alluxio.worker.grpc.AbstractWriteHandler#writeData": "613",
  "alluxio.worker.grpc.BlockReadHandler#<clinit>": "1017",
  "alluxio.worker.grpc.BlockReadHandler#createDataReader": "575",
  "alluxio.worker.grpc.BlockReadHandler#createRequestContext": "318",
  "alluxio.worker.grpc.BlockReadHandler#onNext": "338",
  "alluxio.worker.grpc.BlockReadHandler$BlockDataReader#<init>": "942",
  "alluxio.worker.grpc.BlockReadHandlerTest#before": "909",
  "alluxio.worker.grpc.BlockWriteHandler#<clinit>": "994",
  "alluxio.worker.grpc.BlockWriteHandler#<init>": "462",
  "alluxio.worker.grpc.BlockWriteHandler#createRequestContext": "203",
  "alluxio.worker.grpc.BlockWriteHandlerTest#before": "300",
  "alluxio.worker.grpc.GrpcExecutors#<clinit>": "493",
  "alluxio.worker.grpc.GrpcExecutors$ImpersonateThreadPoolExecutor#lambda$execute$0": "381",
  "alluxio.worker.grpc.ReadHandlerTest#<clinit>": "151",
  "alluxio.worker.grpc.ReadHandlerTest#ErrorReceivedAfterRequest": "529",
  "alluxio.worker.grpc.ReadHandlerTest#cancelRequest": "438",
  "alluxio.worker.grpc.ReadHandlerTest#readEmptyFile": "187",
  "alluxio.worker.grpc.ReadHandlerTest#readFullFile": "397",
  "alluxio.worker.grpc.ReadHandlerTest#readPartialFile": "867",
  "alluxio.worker.grpc.UfsFallbackBlockWriteHandler#<clinit>": "569",
  "alluxio.worker.grpc.UfsFallbackBlockWriteHandler#<init>": "406",
  "alluxio.worker.grpc.UfsFallbackBlockWriteHandler#createUfsBlock": "332",
  "alluxio.worker.grpc.UfsFallbackBlockWriteHandler#handleCommand": "504",
  "alluxio.worker.grpc.UfsFallbackBlockWriteHandler#initUfsFallback": "851",
  "alluxio.worker.grpc.UfsFallbackBlockWriteHandler#transferToUfsBlock": "74",
  "alluxio.worker.grpc.UfsFallbackBlockWriteHandler#writeBuf": "571",
  "alluxio.worker.grpc.UfsFallbackBlockWriteHandlerTest#<init>": "551",
  "alluxio.worker.grpc.UfsFallbackBlockWriteHandlerTest#before": "759",
  "alluxio.worker.grpc.UfsFileWriteHandler#<init>": "967",
  "alluxio.worker.grpc.UfsFileWriteHandler#completeRequest": "527",
  "alluxio.worker.grpc.UfsFileWriteHandler#createUfsFile": "897",
  "alluxio.worker.grpc.UfsFileWriteHandler#writeBuf": "626",
  "alluxio.worker.grpc.UfsFileWriteHandlerTest#before": "349",
  "alluxio.worker.job.JobMasterClientContextBuilder#build": "302"
}