{
  "org.apache.zookeeper.JUnit4ZKTestRunner$LoggedInvokeMethod#evaluate": "56",
  "org.apache.zookeeper.ServerConfigTest#testValidArguments": "55",
  "org.apache.zookeeper.server.InvalidSnapCountTest$MainThread#run": "46",
  "org.apache.zookeeper.server.PrepRequestProcessor#pRequest": "21",
  "org.apache.zookeeper.server.PrepRequestProcessor#pRequest2Txn": "51",
  "org.apache.zookeeper.server.PrepRequestProcessor#run": "50",
  "org.apache.zookeeper.server.ServerConfig#getClientPortAddress": "22",
  "org.apache.zookeeper.server.ServerConfig#getDataDir": "35",
  "org.apache.zookeeper.server.ServerConfig#getMaxClientCnxns": "39",
  "org.apache.zookeeper.server.ServerConfig#getSecureClientPortAddress": "15",
  "org.apache.zookeeper.server.ServerConfig#getTickTime": "29",
  "org.apache.zookeeper.server.ServerConfig#parse": "0",
  "org.apache.zookeeper.server.ServerConfig#readFrom": "47",
  "org.apache.zookeeper.server.ZooKeeperServerMain#initializeAndRun": "59",
  "org.apache.zookeeper.server.ZooKeeperServerMain#main": "49",
  "org.apache.zookeeper.server.ZooKeeperServerMain#runFromConfig": "33",
  "org.apache.zookeeper.server.ZooKeeperServerMainTest$MainThread#run": "2",
  "org.apache.zookeeper.server.quorum.FastLeaderElection$Messenger$WorkerReceiver#run": "12",
  "org.apache.zookeeper.server.quorum.Follower#followLeader": "45",
  "org.apache.zookeeper.server.quorum.Follower#processPacket": "4",
  "org.apache.zookeeper.server.quorum.Leader#lead": "1",
  "org.apache.zookeeper.server.quorum.Leader#processAck": "3",
  "org.apache.zookeeper.server.quorum.Leader#startZkServer": "20",
  "org.apache.zookeeper.server.quorum.Leader#tryToCommit": "5",
  "org.apache.zookeeper.server.quorum.Learner#syncWithLeader": "19",
  "org.apache.zookeeper.server.quorum.LearnerHandler#run": "41",
  "org.apache.zookeeper.server.quorum.Observer#observeLeader": "9",
  "org.apache.zookeeper.server.quorum.Observer#processPacket": "18",
  "org.apache.zookeeper.server.quorum.QuorumPeer#processReconfig": "40",
  "org.apache.zookeeper.server.quorum.QuorumPeer#run": "37",
  "org.apache.zookeeper.server.quorum.QuorumPeerConfig#areLocalSessionsEnabled": "34",
  "org.apache.zookeeper.server.quorum.QuorumPeerConfig#getClientPortAddress": "44",
  "org.apache.zookeeper.server.quorum.QuorumPeerConfig#getDataDir": "48",
  "org.apache.zookeeper.server.quorum.QuorumPeerConfig#getDataLogDir": "26",
  "org.apache.zookeeper.server.quorum.QuorumPeerConfig#getElectionAlg": "27",
  "org.apache.zookeeper.server.quorum.QuorumPeerConfig#getInitLimit": "7",
  "org.apache.zookeeper.server.quorum.QuorumPeerConfig#getMaxClientCnxns": "36",
  "org.apache.zookeeper.server.quorum.QuorumPeerConfig#getMaxSessionTimeout": "6",
  "org.apache.zookeeper.server.quorum.QuorumPeerConfig#getMinSessionTimeout": "42",
  "org.apache.zookeeper.server.quorum.QuorumPeerConfig#getPeerType": "8",
  "org.apache.zookeeper.server.quorum.QuorumPeerConfig#getPurgeInterval": "23",
  "org.apache.zookeeper.server.quorum.QuorumPeerConfig#getQuorumListenOnAllIPs": "17",
  "org.apache.zookeeper.server.quorum.QuorumPeerConfig#getSecureClientPortAddress": "28",
  "org.apache.zookeeper.server.quorum.QuorumPeerConfig#getSnapRetainCount": "60",
  "org.apache.zookeeper.server.quorum.QuorumPeerConfig#getSyncEnabled": "57",
  "org.apache.zookeeper.server.quorum.QuorumPeerConfig#getSyncLimit": "10",
  "org.apache.zookeeper.server.quorum.QuorumPeerConfig#getTickTime": "31",
  "org.apache.zookeeper.server.quorum.QuorumPeerConfig#isLocalSessionsUpgradingEnabled": "24",
  "org.apache.zookeeper.server.quorum.QuorumPeerConfig#isReconfigEnabled": "30",
  "org.apache.zookeeper.server.quorum.QuorumPeerConfig#isSslQuorum": "58",
  "org.apache.zookeeper.server.quorum.QuorumPeerConfig#isStandaloneEnabled": "38",
  "org.apache.zookeeper.server.quorum.QuorumPeerConfig#parse": "43",
  "org.apache.zookeeper.server.quorum.QuorumPeerConfig#parseProperties": "54",
  "org.apache.zookeeper.server.quorum.QuorumPeerConfig#shouldUsePortUnification": "16",
  "org.apache.zookeeper.server.quorum.QuorumPeerMain#initializeAndRun": "13",
  "org.apache.zookeeper.server.quorum.QuorumPeerMain#runFromConfig": "32",
  "org.apache.zookeeper.server.quorum.QuorumPeerTestBase$MainThread#run": "53",
  "org.apache.zookeeper.server.quorum.ReconfigDuringLeaderSyncTest$MockTestQPMain#runFromConfig": "14",
  "org.apache.zookeeper.server.quorum.Zab1_0Test$1#run": "52",
  "org.apache.zookeeper.server.quorum.Zab1_0Test$2#run": "25",
  "org.apache.zookeeper.server.quorum.Zab1_0Test$LeadThread#run": "11"
}