{
    "0": "rawdata/zookeeper-server-clover/clover-data/org/apache/zookeeper/JLineZNodeCompleter",
    "1": "rawdata/zookeeper-server-clover/clover-data/org/apache/zookeeper/VerGenTest",
    "2": "rawdata/zookeeper-server-clover/clover-data/org/apache/zookeeper/RemoveWatchesTest",
    "3": "rawdata/zookeeper-server-clover/clover-data/org/apache/zookeeper/ZooKeeperTest",
    "4": "rawdata/zookeeper-server-clover/clover-data/org/apache/zookeeper/SaslClientCallbackHandler",
    "5": "rawdata/zookeeper-server-clover/clover-data/org/apache/zookeeper/Version",
    "6": "rawdata/zookeeper-server-clover/clover-data/org/apache/zookeeper/ZooKeeper",
    "7": "rawdata/zookeeper-server-clover/clover-data/org/apache/zookeeper/Environment",
    "8": "rawdata/zookeeper-server-clover/clover-data/org/apache/zookeeper/Transaction",
    "9": "rawdata/zookeeper-server-clover/clover-data/org/apache/zookeeper/ClientCnxn",
    "10": "rawdata/zookeeper-server-clover/clover-data/org/apache/zookeeper/SaslServerPrincipal",
    "11": "rawdata/zookeeper-server-clover/clover-data/org/apache/zookeeper/ZKParameterized",
    "12": "rawdata/zookeeper-server-clover/clover-data/org/apache/zookeeper/ServerAdminClient",
    "13": "rawdata/zookeeper-server-clover/clover-data/org/apache/zookeeper/CustomHostProviderTest",
    "14": "rawdata/zookeeper-server-clover/clover-data/org/apache/zookeeper/ClientReconnectTest",
    "15": "rawdata/zookeeper-server-clover/clover-data/org/apache/zookeeper/ZKTestCase",
    "16": "rawdata/zookeeper-server-clover/clover-data/org/apache/zookeeper/MultiResponse",
    "17": "rawdata/zookeeper-server-clover/clover-data/org/apache/zookeeper/WatchDeregistration",
    "18": "rawdata/zookeeper-server-clover/clover-data/org/apache/zookeeper/StatsTrack",
    "19": "rawdata/zookeeper-server-clover/clover-data/org/apache/zookeeper/Op",
    "20": "rawdata/zookeeper-server-clover/clover-data/org/apache/zookeeper/ZKUtil",
    "21": "rawdata/zookeeper-server-clover/clover-data/org/apache/zookeeper/ZooDefs",
    "22": "rawdata/zookeeper-server-clover/clover-data/org/apache/zookeeper/OpResult",
    "23": "rawdata/zookeeper-server-clover/clover-data/org/apache/zookeeper/Shell",
    "24": "rawdata/zookeeper-server-clover/clover-data/org/apache/zookeeper/ClientCnxnSocketNetty",
    "25": "rawdata/zookeeper-server-clover/clover-data/org/apache/zookeeper/ClientWatchManager",
    "26": "rawdata/zookeeper-server-clover/clover-data/org/apache/zookeeper/JUnit4ZKTestRunner",
    "27": "rawdata/zookeeper-server-clover/clover-data/org/apache/zookeeper/MultiTransactionRecordTest",
    "28": "rawdata/zookeeper-server-clover/clover-data/org/apache/zookeeper/TestableZooKeeper",
    "29": "rawdata/zookeeper-server-clover/clover-data/org/apache/zookeeper/MultiTransactionRecord",
    "30": "rawdata/zookeeper-server-clover/clover-data/org/apache/zookeeper/Quotas",
    "31": "rawdata/zookeeper-server-clover/clover-data/org/apache/zookeeper/WatchedEvent",
    "32": "rawdata/zookeeper-server-clover/clover-data/org/apache/zookeeper/ZooKeeperTestable",
    "33": "rawdata/zookeeper-server-clover/clover-data/org/apache/zookeeper/ClientCnxnSocket",
    "34": "rawdata/zookeeper-server-clover/clover-data/org/apache/zookeeper/Login",
    "35": "rawdata/zookeeper-server-clover/clover-data/org/apache/zookeeper/ClientCnxnSocketNIO",
    "36": "rawdata/zookeeper-server-clover/clover-data/org/apache/zookeeper/SaslAuthTest",
    "37": "rawdata/zookeeper-server-clover/clover-data/org/apache/zookeeper/PortAssignmentTest",
    "38": "rawdata/zookeeper-server-clover/clover-data/org/apache/zookeeper/ZooKeeperMain",
    "39": "rawdata/zookeeper-server-clover/clover-data/org/apache/zookeeper/KeeperException",
    "40": "rawdata/zookeeper-server-clover/clover-data/org/apache/zookeeper/ServerConfigTest",
    "41": "rawdata/zookeeper-server-clover/clover-data/org/apache/zookeeper/Testable",
    "42": "rawdata/zookeeper-server-clover/clover-data/org/apache/zookeeper/CreateMode",
    "43": "rawdata/zookeeper-server-clover/clover-data/org/apache/zookeeper/PortAssignment",
    "44": "rawdata/zookeeper-server-clover/clover-data/org/apache/zookeeper/Watcher",
    "45": "rawdata/zookeeper-server-clover/clover-data/org/apache/zookeeper/ClientCnxnSocketTest",
    "46": "rawdata/zookeeper-server-clover/clover-data/org/apache/zookeeper/RemoveWatchesCmdTest",
    "47": "rawdata/zookeeper-server-clover/clover-data/org/apache/zookeeper/ClientCanonicalizeTest",
    "48": "rawdata/zookeeper-server-clover/clover-data/org/apache/zookeeper/JaasConfiguration",
    "49": "rawdata/zookeeper-server-clover/clover-data/org/apache/zookeeper/MultiResponseTest",
    "50": "rawdata/zookeeper-server-clover/clover-data/org/apache/zookeeper/MockPacket",
    "51": "rawdata/zookeeper-server-clover/clover-data/org/apache/zookeeper/AsyncCallback",
    "52": "rawdata/zookeeper-server-clover/clover-data/org/apache/zookeeper/ClientRequestTimeoutTest",
    "53": "rawdata/zookeeper-server-clover/clover-data/org/apache/zookeeper/cli/RemoveWatchesCommand",
    "54": "rawdata/zookeeper-server-clover/clover-data/org/apache/zookeeper/cli/ReconfigCommand",
    "55": "rawdata/zookeeper-server-clover/clover-data/org/apache/zookeeper/cli/CliException",
    "56": "rawdata/zookeeper-server-clover/clover-data/org/apache/zookeeper/cli/GetCommand",
    "57": "rawdata/zookeeper-server-clover/clover-data/org/apache/zookeeper/cli/GetAclCommand",
    "58": "rawdata/zookeeper-server-clover/clover-data/org/apache/zookeeper/cli/AddAuthCommand",
    "59": "rawdata/zookeeper-server-clover/clover-data/org/apache/zookeeper/cli/CloseCommand",
    "60": "rawdata/zookeeper-server-clover/clover-data/org/apache/zookeeper/cli/StatCommand",
    "61": "rawdata/zookeeper-server-clover/clover-data/org/apache/zookeeper/cli/MalformedCommandException",
    "62": "rawdata/zookeeper-server-clover/clover-data/org/apache/zookeeper/cli/ListQuotaCommand",
    "63": "rawdata/zookeeper-server-clover/clover-data/org/apache/zookeeper/cli/DeleteCommand",
    "64": "rawdata/zookeeper-server-clover/clover-data/org/apache/zookeeper/cli/CliCommand",
    "65": "rawdata/zookeeper-server-clover/clover-data/org/apache/zookeeper/cli/SetAclCommand",
    "66": "rawdata/zookeeper-server-clover/clover-data/org/apache/zookeeper/cli/Ls2Command",
    "67": "rawdata/zookeeper-server-clover/clover-data/org/apache/zookeeper/cli/SyncCommand",
    "68": "rawdata/zookeeper-server-clover/clover-data/org/apache/zookeeper/cli/CreateCommand",
    "69": "rawdata/zookeeper-server-clover/clover-data/org/apache/zookeeper/cli/CommandNotFoundException",
    "70": "rawdata/zookeeper-server-clover/clover-data/org/apache/zookeeper/cli/DelQuotaCommand",
    "71": "rawdata/zookeeper-server-clover/clover-data/org/apache/zookeeper/cli/SetQuotaCommand",
    "72": "rawdata/zookeeper-server-clover/clover-data/org/apache/zookeeper/cli/SetCommand",
    "73": "rawdata/zookeeper-server-clover/clover-data/org/apache/zookeeper/cli/DeleteAllCommand",
    "74": "rawdata/zookeeper-server-clover/clover-data/org/apache/zookeeper/cli/StatPrinter",
    "75": "rawdata/zookeeper-server-clover/clover-data/org/apache/zookeeper/cli/MalformedPathException",
    "76": "rawdata/zookeeper-server-clover/clover-data/org/apache/zookeeper/cli/CliWrapperException",
    "77": "rawdata/zookeeper-server-clover/clover-data/org/apache/zookeeper/cli/AclParser",
    "78": "rawdata/zookeeper-server-clover/clover-data/org/apache/zookeeper/cli/GetConfigCommand",
    "79": "rawdata/zookeeper-server-clover/clover-data/org/apache/zookeeper/cli/CliParseException",
    "80": "rawdata/zookeeper-server-clover/clover-data/org/apache/zookeeper/cli/LsCommand",
    "81": "rawdata/zookeeper-server-clover/clover-data/org/apache/zookeeper/server/RequestProcessor",
    "82": "rawdata/zookeeper-server-clover/clover-data/org/apache/zookeeper/server/PrepRequestProcessor",
    "83": "rawdata/zookeeper-server-clover/clover-data/org/apache/zookeeper/server/DataNodeTest",
    "84": "rawdata/zookeeper-server-clover/clover-data/org/apache/zookeeper/server/MockSelectorThread",
    "85": "rawdata/zookeeper-server-clover/clover-data/org/apache/zookeeper/server/ServerStatsTest",
    "86": "rawdata/zookeeper-server-clover/clover-data/org/apache/zookeeper/server/WorkerService",
    "87": "rawdata/zookeeper-server-clover/clover-data/org/apache/zookeeper/server/NIOServerCnxn",
    "88": "rawdata/zookeeper-server-clover/clover-data/org/apache/zookeeper/server/NIOServerCnxnTest",
    "89": "rawdata/zookeeper-server-clover/clover-data/org/apache/zookeeper/server/DataTreeTest",
    "90": "rawdata/zookeeper-server-clover/clover-data/org/apache/zookeeper/server/WatchesPathReport",
    "91": "rawdata/zookeeper-server-clover/clover-data/org/apache/zookeeper/server/ServerCnxn",
    "92": "rawdata/zookeeper-server-clover/clover-data/org/apache/zookeeper/server/ZooKeeperCriticalThread",
    "93": "rawdata/zookeeper-server-clover/clover-data/org/apache/zookeeper/server/DeserializationPerfTest",
    "94": "rawdata/zookeeper-server-clover/clover-data/org/apache/zookeeper/server/ExitCode",
    "95": "rawdata/zookeeper-server-clover/clover-data/org/apache/zookeeper/server/DataTreeBean",
    "96": "rawdata/zookeeper-server-clover/clover-data/org/apache/zookeeper/server/ToStringTest",
    "97": "rawdata/zookeeper-server-clover/clover-data/org/apache/zookeeper/server/SessionTracker",
    "98": "rawdata/zookeeper-server-clover/clover-data/org/apache/zookeeper/server/ObserverBean",
    "99": "rawdata/zookeeper-server-clover/clover-data/org/apache/zookeeper/server/ZxidRolloverTest",
    "100": "rawdata/zookeeper-server-clover/clover-data/org/apache/zookeeper/server/DataNode",
    "101": "rawdata/zookeeper-server-clover/clover-data/org/apache/zookeeper/server/ZooKeeperServerShutdownHandler",
    "102": "rawdata/zookeeper-server-clover/clover-data/org/apache/zookeeper/server/ByteBufferInputStreamTest",
    "103": "rawdata/zookeeper-server-clover/clover-data/org/apache/zookeeper/server/ServerConfig",
    "104": "rawdata/zookeeper-server-clover/clover-data/org/apache/zookeeper/server/Request",
    "105": "rawdata/zookeeper-server-clover/clover-data/org/apache/zookeeper/server/Emulate353TTLTest",
    "106": "rawdata/zookeeper-server-clover/clover-data/org/apache/zookeeper/server/WatchesSummary",
    "107": "rawdata/zookeeper-server-clover/clover-data/org/apache/zookeeper/server/PurgeTxnLog",
    "108": "rawdata/zookeeper-server-clover/clover-data/org/apache/zookeeper/server/SnapshotFormatter",
    "109": "rawdata/zookeeper-server-clover/clover-data/org/apache/zookeeper/server/EphemeralTypeTest",
    "110": "rawdata/zookeeper-server-clover/clover-data/org/apache/zookeeper/server/ConnectionMXBean",
    "111": "rawdata/zookeeper-server-clover/clover-data/org/apache/zookeeper/server/UnimplementedRequestProcessor",
    "112": "rawdata/zookeeper-server-clover/clover-data/org/apache/zookeeper/server/ZooKeeperServerListenerImpl",
    "113": "rawdata/zookeeper-server-clover/clover-data/org/apache/zookeeper/server/EphemeralType",
    "114": "rawdata/zookeeper-server-clover/clover-data/org/apache/zookeeper/server/ZooKeeperServerConf",
    "115": "rawdata/zookeeper-server-clover/clover-data/org/apache/zookeeper/server/NIOServerCnxnFactoryTest",
    "116": "rawdata/zookeeper-server-clover/clover-data/org/apache/zookeeper/server/RateLogger",
    "117": "rawdata/zookeeper-server-clover/clover-data/org/apache/zookeeper/server/ZooKeeperServerMain",
    "118": "rawdata/zookeeper-server-clover/clover-data/org/apache/zookeeper/server/ExpiryQueue",
    "119": "rawdata/zookeeper-server-clover/clover-data/org/apache/zookeeper/server/ZooKeeperServerConfTest",
    "120": "rawdata/zookeeper-server-clover/clover-data/org/apache/zookeeper/server/Stats",
    "121": "rawdata/zookeeper-server-clover/clover-data/org/apache/zookeeper/server/LogFormatter",
    "122": "rawdata/zookeeper-server-clover/clover-data/org/apache/zookeeper/server/WatchesReportTest",
    "123": "rawdata/zookeeper-server-clover/clover-data/org/apache/zookeeper/server/InvalidSnapshotTest",
    "124": "rawdata/zookeeper-server-clover/clover-data/org/apache/zookeeper/server/ReferenceCountedACLCacheTest",
    "125": "rawdata/zookeeper-server-clover/clover-data/org/apache/zookeeper/server/SyncRequestProcessor",
    "126": "rawdata/zookeeper-server-clover/clover-data/org/apache/zookeeper/server/DataTree",
    "127": "rawdata/zookeeper-server-clover/clover-data/org/apache/zookeeper/server/ConnectionBean",
    "128": "rawdata/zookeeper-server-clover/clover-data/org/apache/zookeeper/server/ServerCnxnFactory",
    "129": "rawdata/zookeeper-server-clover/clover-data/org/apache/zookeeper/server/SessionTrackerTest",
    "130": "rawdata/zookeeper-server-clover/clover-data/org/apache/zookeeper/server/ZooKeeperServerStartupTest",
    "131": "rawdata/zookeeper-server-clover/clover-data/org/apache/zookeeper/server/DataTreeMXBean",
    "132": "rawdata/zookeeper-server-clover/clover-data/org/apache/zookeeper/server/ZooKeeperServerTest",
    "133": "rawdata/zookeeper-server-clover/clover-data/org/apache/zookeeper/server/ZooKeeperThreadTest",
    "134": "rawdata/zookeeper-server-clover/clover-data/org/apache/zookeeper/server/TraceFormatter",
    "135": "rawdata/zookeeper-server-clover/clover-data/org/apache/zookeeper/server/CreateTTLTest",
    "136": "rawdata/zookeeper-server-clover/clover-data/org/apache/zookeeper/server/ZKDatabase",
    "137": "rawdata/zookeeper-server-clover/clover-data/org/apache/zookeeper/server/InvalidSnapCountTest",
    "138": "rawdata/zookeeper-server-clover/clover-data/org/apache/zookeeper/server/DatadirCleanupManager",
    "139": "rawdata/zookeeper-server-clover/clover-data/org/apache/zookeeper/server/ZooTrace",
    "140": "rawdata/zookeeper-server-clover/clover-data/org/apache/zookeeper/server/ByteBufferOutputStream",
    "141": "rawdata/zookeeper-server-clover/clover-data/org/apache/zookeeper/server/PrepRequestProcessorTest",
    "142": "rawdata/zookeeper-server-clover/clover-data/org/apache/zookeeper/server/ZooKeeperServerBean",
    "143": "rawdata/zookeeper-server-clover/clover-data/org/apache/zookeeper/server/EphemeralTypeEmulate353",
    "144": "rawdata/zookeeper-server-clover/clover-data/org/apache/zookeeper/server/CRCTest",
    "145": "rawdata/zookeeper-server-clover/clover-data/org/apache/zookeeper/server/WatchesPathReportTest",
    "146": "rawdata/zookeeper-server-clover/clover-data/org/apache/zookeeper/server/SessionTrackerImpl",
    "147": "rawdata/zookeeper-server-clover/clover-data/org/apache/zookeeper/server/PurgeTxnTest",
    "148": "rawdata/zookeeper-server-clover/clover-data/org/apache/zookeeper/server/SerializationPerfTest",
    "149": "rawdata/zookeeper-server-clover/clover-data/org/apache/zookeeper/server/NettyServerCnxn",
    "150": "rawdata/zookeeper-server-clover/clover-data/org/apache/zookeeper/server/DatadirCleanupManagerTest",
    "151": "rawdata/zookeeper-server-clover/clover-data/org/apache/zookeeper/server/ZooKeeperServer",
    "152": "rawdata/zookeeper-server-clover/clover-data/org/apache/zookeeper/server/ZooKeeperSaslServer",
    "153": "rawdata/zookeeper-server-clover/clover-data/org/apache/zookeeper/server/MockNIOServerCnxn",
    "154": "rawdata/zookeeper-server-clover/clover-data/org/apache/zookeeper/server/ServerStats",
    "155": "rawdata/zookeeper-server-clover/clover-data/org/apache/zookeeper/server/ContainerManager",
    "156": "rawdata/zookeeper-server-clover/clover-data/org/apache/zookeeper/server/ZooKeeperServerBeanTest",
    "157": "rawdata/zookeeper-server-clover/clover-data/org/apache/zookeeper/server/WatchesReport",
    "158": "rawdata/zookeeper-server-clover/clover-data/org/apache/zookeeper/server/ZooKeeperServerMXBean",
    "159": "rawdata/zookeeper-server-clover/clover-data/org/apache/zookeeper/server/ZooKeeperThread",
    "160": "rawdata/zookeeper-server-clover/clover-data/org/apache/zookeeper/server/FinalRequestProcessor",
    "161": "rawdata/zookeeper-server-clover/clover-data/org/apache/zookeeper/server/FinalRequestProcessorTest",
    "162": "rawdata/zookeeper-server-clover/clover-data/org/apache/zookeeper/server/MockServerCnxn",
    "163": "rawdata/zookeeper-server-clover/clover-data/org/apache/zookeeper/server/MultiOpSessionUpgradeTest",
    "164": "rawdata/zookeeper-server-clover/clover-data/org/apache/zookeeper/server/ServerCnxnFactoryAccessor",
    "165": "rawdata/zookeeper-server-clover/clover-data/org/apache/zookeeper/server/NIOServerCnxnFactory",
    "166": "rawdata/zookeeper-server-clover/clover-data/org/apache/zookeeper/server/WatchesSummaryTest",
    "167": "rawdata/zookeeper-server-clover/clover-data/org/apache/zookeeper/server/ServerIdTest",
    "168": "rawdata/zookeeper-server-clover/clover-data/org/apache/zookeeper/server/TxnLogProposalIterator",
    "169": "rawdata/zookeeper-server-clover/clover-data/org/apache/zookeeper/server/NettyServerCnxnFactory",
    "170": "rawdata/zookeeper-server-clover/clover-data/org/apache/zookeeper/server/CreateContainerTest",
    "171": "rawdata/zookeeper-server-clover/clover-data/org/apache/zookeeper/server/ByteBufferInputStream",
    "172": "rawdata/zookeeper-server-clover/clover-data/org/apache/zookeeper/server/ZooKeeperServerListener",
    "173": "rawdata/zookeeper-server-clover/clover-data/org/apache/zookeeper/server/ReferenceCountedACLCache",
    "174": "rawdata/zookeeper-server-clover/clover-data/org/apache/zookeeper/server/WatchManager",
    "175": "rawdata/zookeeper-server-clover/clover-data/org/apache/zookeeper/server/NettyServerCnxnTest",
    "176": "rawdata/zookeeper-server-clover/clover-data/org/apache/zookeeper/server/ZooKeeperServerMainTest",
    "177": "rawdata/zookeeper-server-clover/clover-data/org/apache/zookeeper/server/command/IsroCommand",
    "178": "rawdata/zookeeper-server-clover/clover-data/org/apache/zookeeper/server/command/CommandExecutor",
    "179": "rawdata/zookeeper-server-clover/clover-data/org/apache/zookeeper/server/command/FourLetterCommands",
    "180": "rawdata/zookeeper-server-clover/clover-data/org/apache/zookeeper/server/command/DirsCommand",
    "181": "rawdata/zookeeper-server-clover/clover-data/org/apache/zookeeper/server/command/StatResetCommand",
    "182": "rawdata/zookeeper-server-clover/clover-data/org/apache/zookeeper/server/command/StatCommand",
    "183": "rawdata/zookeeper-server-clover/clover-data/org/apache/zookeeper/server/command/DumpCommand",
    "184": "rawdata/zookeeper-server-clover/clover-data/org/apache/zookeeper/server/command/CnxnStatResetCommand",
    "185": "rawdata/zookeeper-server-clover/clover-data/org/apache/zookeeper/server/command/TraceMaskCommand",
    "186": "rawdata/zookeeper-server-clover/clover-data/org/apache/zookeeper/server/command/NopCommand",
    "187": "rawdata/zookeeper-server-clover/clover-data/org/apache/zookeeper/server/command/ConsCommand",
    "188": "rawdata/zookeeper-server-clover/clover-data/org/apache/zookeeper/server/command/EnvCommand",
    "189": "rawdata/zookeeper-server-clover/clover-data/org/apache/zookeeper/server/command/AbstractFourLetterCommand",
    "190": "rawdata/zookeeper-server-clover/clover-data/org/apache/zookeeper/server/command/WatchCommand",
    "191": "rawdata/zookeeper-server-clover/clover-data/org/apache/zookeeper/server/command/SetTraceMaskCommand",
    "192": "rawdata/zookeeper-server-clover/clover-data/org/apache/zookeeper/server/command/ConfCommand",
    "193": "rawdata/zookeeper-server-clover/clover-data/org/apache/zookeeper/server/command/MonitorCommand",
    "194": "rawdata/zookeeper-server-clover/clover-data/org/apache/zookeeper/server/command/RuokCommand",
    "195": "rawdata/zookeeper-server-clover/clover-data/org/apache/zookeeper/server/persistence/FileTxnLog",
    "196": "rawdata/zookeeper-server-clover/clover-data/org/apache/zookeeper/server/persistence/FileSnap",
    "197": "rawdata/zookeeper-server-clover/clover-data/org/apache/zookeeper/server/persistence/SnapShot",
    "198": "rawdata/zookeeper-server-clover/clover-data/org/apache/zookeeper/server/persistence/TxnLog",
    "199": "rawdata/zookeeper-server-clover/clover-data/org/apache/zookeeper/server/persistence/FileTxnLogTest",
    "200": "rawdata/zookeeper-server-clover/clover-data/org/apache/zookeeper/server/persistence/FileTxnSnapLogTest",
    "201": "rawdata/zookeeper-server-clover/clover-data/org/apache/zookeeper/server/persistence/FilePadding",
    "202": "rawdata/zookeeper-server-clover/clover-data/org/apache/zookeeper/server/persistence/Util",
    "203": "rawdata/zookeeper-server-clover/clover-data/org/apache/zookeeper/server/persistence/TxnLogToolkit",
    "204": "rawdata/zookeeper-server-clover/clover-data/org/apache/zookeeper/server/persistence/FileTxnSnapLog",
    "205": "rawdata/zookeeper-server-clover/clover-data/org/apache/zookeeper/server/persistence/TxnLogToolkitTest",
    "206": "rawdata/zookeeper-server-clover/clover-data/org/apache/zookeeper/server/quorum/ReconfigFailureCasesTest",
    "207": "rawdata/zookeeper-server-clover/clover-data/org/apache/zookeeper/server/quorum/Observer",
    "208": "rawdata/zookeeper-server-clover/clover-data/org/apache/zookeeper/server/quorum/SyncedLearnerTracker",
    "209": "rawdata/zookeeper-server-clover/clover-data/org/apache/zookeeper/server/quorum/Election",
    "210": "rawdata/zookeeper-server-clover/clover-data/org/apache/zookeeper/server/quorum/QuorumPeerConfig",
    "211": "rawdata/zookeeper-server-clover/clover-data/org/apache/zookeeper/server/quorum/QuorumMXBean",
    "212": "rawdata/zookeeper-server-clover/clover-data/org/apache/zookeeper/server/quorum/ObserverRequestProcessor",
    "213": "rawdata/zookeeper-server-clover/clover-data/org/apache/zookeeper/server/quorum/LocalSessionTracker",
    "214": "rawdata/zookeeper-server-clover/clover-data/org/apache/zookeeper/server/quorum/CommitProcessor",
    "215": "rawdata/zookeeper-server-clover/clover-data/org/apache/zookeeper/server/quorum/QuorumSSLTest",
    "216": "rawdata/zookeeper-server-clover/clover-data/org/apache/zookeeper/server/quorum/EphemeralNodeDeletionTest",
    "217": "rawdata/zookeeper-server-clover/clover-data/org/apache/zookeeper/server/quorum/FollowerZooKeeperServer",
    "218": "rawdata/zookeeper-server-clover/clover-data/org/apache/zookeeper/server/quorum/LeaderElectionMXBean",
    "219": "rawdata/zookeeper-server-clover/clover-data/org/apache/zookeeper/server/quorum/UnifiedServerSocket",
    "220": "rawdata/zookeeper-server-clover/clover-data/org/apache/zookeeper/server/quorum/AckRequestProcessor",
    "221": "rawdata/zookeeper-server-clover/clover-data/org/apache/zookeeper/server/quorum/LeaderBean",
    "222": "rawdata/zookeeper-server-clover/clover-data/org/apache/zookeeper/server/quorum/FollowerBean",
    "223": "rawdata/zookeeper-server-clover/clover-data/org/apache/zookeeper/server/quorum/LeaderElection",
    "224": "rawdata/zookeeper-server-clover/clover-data/org/apache/zookeeper/server/quorum/LearnerSyncRequest",
    "225": "rawdata/zookeeper-server-clover/clover-data/org/apache/zookeeper/server/quorum/LearnerSessionTracker",
    "226": "rawdata/zookeeper-server-clover/clover-data/org/apache/zookeeper/server/quorum/QuorumPeerTestBase",
    "227": "rawdata/zookeeper-server-clover/clover-data/org/apache/zookeeper/server/quorum/Leader",
    "228": "rawdata/zookeeper-server-clover/clover-data/org/apache/zookeeper/server/quorum/QuorumZooKeeperServer",
    "229": "rawdata/zookeeper-server-clover/clover-data/org/apache/zookeeper/server/quorum/RemotePeerMXBean",
    "230": "rawdata/zookeeper-server-clover/clover-data/org/apache/zookeeper/server/quorum/ReadOnlyRequestProcessor",
    "231": "rawdata/zookeeper-server-clover/clover-data/org/apache/zookeeper/server/quorum/ServerBean",
    "232": "rawdata/zookeeper-server-clover/clover-data/org/apache/zookeeper/server/quorum/RemotePeerBean",
    "233": "rawdata/zookeeper-server-clover/clover-data/org/apache/zookeeper/server/quorum/BufferStats",
    "234": "rawdata/zookeeper-server-clover/clover-data/org/apache/zookeeper/server/quorum/LearnerSnapshotThrottler",
    "235": "rawdata/zookeeper-server-clover/clover-data/org/apache/zookeeper/server/quorum/Vote",
    "236": "rawdata/zookeeper-server-clover/clover-data/org/apache/zookeeper/server/quorum/ReconfigBackupTest",
    "237": "rawdata/zookeeper-server-clover/clover-data/org/apache/zookeeper/server/quorum/UnifiedServerSocketModeDetectionTest",
    "238": "rawdata/zookeeper-server-clover/clover-data/org/apache/zookeeper/server/quorum/FollowerMXBean",
    "239": "rawdata/zookeeper-server-clover/clover-data/org/apache/zookeeper/server/quorum/Zab1_0Test",
    "240": "rawdata/zookeeper-server-clover/clover-data/org/apache/zookeeper/server/quorum/ReconfigDuringLeaderSyncTest",
    "241": "rawdata/zookeeper-server-clover/clover-data/org/apache/zookeeper/server/quorum/UnifiedServerSocketTest",
    "242": "rawdata/zookeeper-server-clover/clover-data/org/apache/zookeeper/server/quorum/QuorumRequestPipelineTest",
    "243": "rawdata/zookeeper-server-clover/clover-data/org/apache/zookeeper/server/quorum/FuzzySnapshotRelatedTest",
    "244": "rawdata/zookeeper-server-clover/clover-data/org/apache/zookeeper/server/quorum/QuorumPeer",
    "245": "rawdata/zookeeper-server-clover/clover-data/org/apache/zookeeper/server/quorum/Follower",
    "246": "rawdata/zookeeper-server-clover/clover-data/org/apache/zookeeper/server/quorum/FLELostMessageTest",
    "247": "rawdata/zookeeper-server-clover/clover-data/org/apache/zookeeper/server/quorum/LeaderBeanTest",
    "248": "rawdata/zookeeper-server-clover/clover-data/org/apache/zookeeper/server/quorum/Learner",
    "249": "rawdata/zookeeper-server-clover/clover-data/org/apache/zookeeper/server/quorum/FLETestUtils",
    "250": "rawdata/zookeeper-server-clover/clover-data/org/apache/zookeeper/server/quorum/QuorumPeerConfigTest",
    "251": "rawdata/zookeeper-server-clover/clover-data/org/apache/zookeeper/server/quorum/LearnerHandlerTest",
    "252": "rawdata/zookeeper-server-clover/clover-data/org/apache/zookeeper/server/quorum/ReconfigRecoveryTest",
    "253": "rawdata/zookeeper-server-clover/clover-data/org/apache/zookeeper/server/quorum/LeaderWithObserverTest",
    "254": "rawdata/zookeeper-server-clover/clover-data/org/apache/zookeeper/server/quorum/ServerMXBean",
    "255": "rawdata/zookeeper-server-clover/clover-data/org/apache/zookeeper/server/quorum/RaceConditionTest",
    "256": "rawdata/zookeeper-server-clover/clover-data/org/apache/zookeeper/server/quorum/QuorumServerTest",
    "257": "rawdata/zookeeper-server-clover/clover-data/org/apache/zookeeper/server/quorum/UpgradeableSessionTracker",
    "258": "rawdata/zookeeper-server-clover/clover-data/org/apache/zookeeper/server/quorum/LocalPeerBeanTest",
    "259": "rawdata/zookeeper-server-clover/clover-data/org/apache/zookeeper/server/quorum/BufferStatsTest",
    "260": "rawdata/zookeeper-server-clover/clover-data/org/apache/zookeeper/server/quorum/LearnerSnapshot",
    "261": "rawdata/zookeeper-server-clover/clover-data/org/apache/zookeeper/server/quorum/LearnerSnapshotThrottlerTest",
    "262": "rawdata/zookeeper-server-clover/clover-data/org/apache/zookeeper/server/quorum/QuorumPeerTest",
    "263": "rawdata/zookeeper-server-clover/clover-data/org/apache/zookeeper/server/quorum/SnapshotThrottleException",
    "264": "rawdata/zookeeper-server-clover/clover-data/org/apache/zookeeper/server/quorum/LeaderMXBean",
    "265": "rawdata/zookeeper-server-clover/clover-data/org/apache/zookeeper/server/quorum/CommitProcessorConcurrencyTest",
    "266": "rawdata/zookeeper-server-clover/clover-data/org/apache/zookeeper/server/quorum/QuorumStats",
    "267": "rawdata/zookeeper-server-clover/clover-data/org/apache/zookeeper/server/quorum/QuorumBeanTest",
    "268": "rawdata/zookeeper-server-clover/clover-data/org/apache/zookeeper/server/quorum/QuorumPeerMainTest",
    "269": "rawdata/zookeeper-server-clover/clover-data/org/apache/zookeeper/server/quorum/StatResetCommandTest",
    "270": "rawdata/zookeeper-server-clover/clover-data/org/apache/zookeeper/server/quorum/LeaderSessionTracker",
    "271": "rawdata/zookeeper-server-clover/clover-data/org/apache/zookeeper/server/quorum/LearnerZooKeeperServer",
    "272": "rawdata/zookeeper-server-clover/clover-data/org/apache/zookeeper/server/quorum/QuorumPeerMain",
    "273": "rawdata/zookeeper-server-clover/clover-data/org/apache/zookeeper/server/quorum/QuorumCnxManager",
    "274": "rawdata/zookeeper-server-clover/clover-data/org/apache/zookeeper/server/quorum/SendAckRequestProcessor",
    "275": "rawdata/zookeeper-server-clover/clover-data/org/apache/zookeeper/server/quorum/LearnerHandler",
    "276": "rawdata/zookeeper-server-clover/clover-data/org/apache/zookeeper/server/quorum/LearnerTest",
    "277": "rawdata/zookeeper-server-clover/clover-data/org/apache/zookeeper/server/quorum/StatCommandTest",
    "278": "rawdata/zookeeper-server-clover/clover-data/org/apache/zookeeper/server/quorum/ReadOnlyZooKeeperServer",
    "279": "rawdata/zookeeper-server-clover/clover-data/org/apache/zookeeper/server/quorum/QuorumBean",
    "280": "rawdata/zookeeper-server-clover/clover-data/org/apache/zookeeper/server/quorum/LocalPeerMXBean",
    "281": "rawdata/zookeeper-server-clover/clover-data/org/apache/zookeeper/server/quorum/AuthFastLeaderElection",
    "282": "rawdata/zookeeper-server-clover/clover-data/org/apache/zookeeper/server/quorum/ReconfigRollingRestartCompatibilityTest",
    "283": "rawdata/zookeeper-server-clover/clover-data/org/apache/zookeeper/server/quorum/ObserverZooKeeperServer",
    "284": "rawdata/zookeeper-server-clover/clover-data/org/apache/zookeeper/server/quorum/WatchLeakTest",
    "285": "rawdata/zookeeper-server-clover/clover-data/org/apache/zookeeper/server/quorum/PrependableSocket",
    "286": "rawdata/zookeeper-server-clover/clover-data/org/apache/zookeeper/server/quorum/StandaloneDisabledTest",
    "287": "rawdata/zookeeper-server-clover/clover-data/org/apache/zookeeper/server/quorum/CommitProcessorTest",
    "288": "rawdata/zookeeper-server-clover/clover-data/org/apache/zookeeper/server/quorum/LeaderZooKeeperServer",
    "289": "rawdata/zookeeper-server-clover/clover-data/org/apache/zookeeper/server/quorum/ReadOnlyBean",
    "290": "rawdata/zookeeper-server-clover/clover-data/org/apache/zookeeper/server/quorum/FLEOutOfElectionTest",
    "291": "rawdata/zookeeper-server-clover/clover-data/org/apache/zookeeper/server/quorum/FLEBackwardElectionRoundTest",
    "292": "rawdata/zookeeper-server-clover/clover-data/org/apache/zookeeper/server/quorum/RemotePeerBeanTest",
    "293": "rawdata/zookeeper-server-clover/clover-data/org/apache/zookeeper/server/quorum/ObserverMXBean",
    "294": "rawdata/zookeeper-server-clover/clover-data/org/apache/zookeeper/server/quorum/ReconfigLegacyTest",
    "295": "rawdata/zookeeper-server-clover/clover-data/org/apache/zookeeper/server/quorum/FastLeaderElection",
    "296": "rawdata/zookeeper-server-clover/clover-data/org/apache/zookeeper/server/quorum/LocalPeerBean",
    "297": "rawdata/zookeeper-server-clover/clover-data/org/apache/zookeeper/server/quorum/ZabUtils",
    "298": "rawdata/zookeeper-server-clover/clover-data/org/apache/zookeeper/server/quorum/ProposalRequestProcessor",
    "299": "rawdata/zookeeper-server-clover/clover-data/org/apache/zookeeper/server/quorum/FollowerRequestProcessor",
    "300": "rawdata/zookeeper-server-clover/clover-data/org/apache/zookeeper/server/quorum/LeaderElectionBean",
    "301": "rawdata/zookeeper-server-clover/clover-data/org/apache/zookeeper/server/quorum/LeaderRequestProcessor",
    "302": "rawdata/zookeeper-server-clover/clover-data/org/apache/zookeeper/server/quorum/StateSummary",
    "303": "rawdata/zookeeper-server-clover/clover-data/org/apache/zookeeper/server/quorum/flexible/QuorumVerifier",
    "304": "rawdata/zookeeper-server-clover/clover-data/org/apache/zookeeper/server/quorum/flexible/QuorumHierarchical",
    "305": "rawdata/zookeeper-server-clover/clover-data/org/apache/zookeeper/server/quorum/flexible/QuorumMaj",
    "306": "rawdata/zookeeper-server-clover/clover-data/org/apache/zookeeper/server/quorum/auth/QuorumKerberosAuthTest",
    "307": "rawdata/zookeeper-server-clover/clover-data/org/apache/zookeeper/server/quorum/auth/SaslQuorumAuthServer",
    "308": "rawdata/zookeeper-server-clover/clover-data/org/apache/zookeeper/server/quorum/auth/KerberosTestUtils",
    "309": "rawdata/zookeeper-server-clover/clover-data/org/apache/zookeeper/server/quorum/auth/QuorumAuthTestBase",
    "310": "rawdata/zookeeper-server-clover/clover-data/org/apache/zookeeper/server/quorum/auth/KerberosSecurityTestcase",
    "311": "rawdata/zookeeper-server-clover/clover-data/org/apache/zookeeper/server/quorum/auth/SaslQuorumServerCallbackHandler",
    "312": "rawdata/zookeeper-server-clover/clover-data/org/apache/zookeeper/server/quorum/auth/QuorumAuthServer",
    "313": "rawdata/zookeeper-server-clover/clover-data/org/apache/zookeeper/server/quorum/auth/NullQuorumAuthServer",
    "314": "rawdata/zookeeper-server-clover/clover-data/org/apache/zookeeper/server/quorum/auth/NullQuorumAuthLearner",
    "315": "rawdata/zookeeper-server-clover/clover-data/org/apache/zookeeper/server/quorum/auth/QuorumKerberosHostBasedAuthTest",
    "316": "rawdata/zookeeper-server-clover/clover-data/org/apache/zookeeper/server/quorum/auth/QuorumAuthLearner",
    "317": "rawdata/zookeeper-server-clover/clover-data/org/apache/zookeeper/server/quorum/auth/MiniKdcTest",
    "318": "rawdata/zookeeper-server-clover/clover-data/org/apache/zookeeper/server/quorum/auth/QuorumAuth",
    "319": "rawdata/zookeeper-server-clover/clover-data/org/apache/zookeeper/server/quorum/auth/MiniKdc",
    "320": "rawdata/zookeeper-server-clover/clover-data/org/apache/zookeeper/server/quorum/auth/QuorumDigestAuthTest",
    "321": "rawdata/zookeeper-server-clover/clover-data/org/apache/zookeeper/server/quorum/auth/SaslQuorumAuthLearner",
    "322": "rawdata/zookeeper-server-clover/clover-data/org/apache/zookeeper/server/quorum/auth/QuorumAuthUpgradeTest",
    "323": "rawdata/zookeeper-server-clover/clover-data/org/apache/zookeeper/server/admin/Commands",
    "324": "rawdata/zookeeper-server-clover/clover-data/org/apache/zookeeper/server/admin/JsonOutputter",
    "325": "rawdata/zookeeper-server-clover/clover-data/org/apache/zookeeper/server/admin/CommandOutputter",
    "326": "rawdata/zookeeper-server-clover/clover-data/org/apache/zookeeper/server/admin/AdminServerFactory",
    "327": "rawdata/zookeeper-server-clover/clover-data/org/apache/zookeeper/server/admin/AdminServer",
    "328": "rawdata/zookeeper-server-clover/clover-data/org/apache/zookeeper/server/admin/CommandsTest",
    "329": "rawdata/zookeeper-server-clover/clover-data/org/apache/zookeeper/server/admin/CommandResponseTest",
    "330": "rawdata/zookeeper-server-clover/clover-data/org/apache/zookeeper/server/admin/DummyAdminServer",
    "331": "rawdata/zookeeper-server-clover/clover-data/org/apache/zookeeper/server/admin/JettyAdminServerTest",
    "332": "rawdata/zookeeper-server-clover/clover-data/org/apache/zookeeper/server/admin/Command",
    "333": "rawdata/zookeeper-server-clover/clover-data/org/apache/zookeeper/server/admin/CommandBase",
    "334": "rawdata/zookeeper-server-clover/clover-data/org/apache/zookeeper/server/admin/CommandResponse",
    "335": "rawdata/zookeeper-server-clover/clover-data/org/apache/zookeeper/server/admin/JettyAdminServer",
    "336": "rawdata/zookeeper-server-clover/clover-data/org/apache/zookeeper/server/util/SerializeUtils",
    "337": "rawdata/zookeeper-server-clover/clover-data/org/apache/zookeeper/server/util/ConfigUtils",
    "338": "rawdata/zookeeper-server-clover/clover-data/org/apache/zookeeper/server/util/KerberosUtil",
    "339": "rawdata/zookeeper-server-clover/clover-data/org/apache/zookeeper/server/util/VerifyingFileFactoryTest",
    "340": "rawdata/zookeeper-server-clover/clover-data/org/apache/zookeeper/server/util/VerifyingFileFactory",
    "341": "rawdata/zookeeper-server-clover/clover-data/org/apache/zookeeper/server/util/PortForwarder",
    "342": "rawdata/zookeeper-server-clover/clover-data/org/apache/zookeeper/server/util/OSMXBean",
    "343": "rawdata/zookeeper-server-clover/clover-data/org/apache/zookeeper/server/util/SerializeUtilsTest",
    "344": "rawdata/zookeeper-server-clover/clover-data/org/apache/zookeeper/server/util/ZxidUtils",
    "345": "rawdata/zookeeper-server-clover/clover-data/org/apache/zookeeper/server/auth/DigestLoginModule",
    "346": "rawdata/zookeeper-server-clover/clover-data/org/apache/zookeeper/server/auth/AuthenticationProvider",
    "347": "rawdata/zookeeper-server-clover/clover-data/org/apache/zookeeper/server/auth/DigestAuthenticationProvider",
    "348": "rawdata/zookeeper-server-clover/clover-data/org/apache/zookeeper/server/auth/KerberosName",
    "349": "rawdata/zookeeper-server-clover/clover-data/org/apache/zookeeper/server/auth/SaslServerCallbackHandler",
    "350": "rawdata/zookeeper-server-clover/clover-data/org/apache/zookeeper/server/auth/X509AuthenticationProvider",
    "351": "rawdata/zookeeper-server-clover/clover-data/org/apache/zookeeper/server/auth/ProviderRegistry",
    "352": "rawdata/zookeeper-server-clover/clover-data/org/apache/zookeeper/server/auth/SASLAuthenticationProvider",
    "353": "rawdata/zookeeper-server-clover/clover-data/org/apache/zookeeper/server/auth/IPAuthenticationProvider",
    "354": "rawdata/zookeeper-server-clover/clover-data/org/apache/zookeeper/test/StatTest",
    "355": "rawdata/zookeeper-server-clover/clover-data/org/apache/zookeeper/test/LETest",
    "356": "rawdata/zookeeper-server-clover/clover-data/org/apache/zookeeper/test/FollowerResyncConcurrencyTest",
    "357": "rawdata/zookeeper-server-clover/clover-data/org/apache/zookeeper/test/KeeperStateTest",
    "358": "rawdata/zookeeper-server-clover/clover-data/org/apache/zookeeper/test/SaslAuthDesignatedServerTest",
    "359": "rawdata/zookeeper-server-clover/clover-data/org/apache/zookeeper/test/AsyncTest",
    "360": "rawdata/zookeeper-server-clover/clover-data/org/apache/zookeeper/test/X509AuthTest",
    "361": "rawdata/zookeeper-server-clover/clover-data/org/apache/zookeeper/test/ObserverTest",
    "362": "rawdata/zookeeper-server-clover/clover-data/org/apache/zookeeper/test/ClientSSLTest",
    "363": "rawdata/zookeeper-server-clover/clover-data/org/apache/zookeeper/test/WatchEventWhenAutoResetTest",
    "364": "rawdata/zookeeper-server-clover/clover-data/org/apache/zookeeper/test/SessionTimeoutTest",
    "365": "rawdata/zookeeper-server-clover/clover-data/org/apache/zookeeper/test/SaslClientTest",
    "366": "rawdata/zookeeper-server-clover/clover-data/org/apache/zookeeper/test/DuplicateLocalSessionUpgradeTest",
    "367": "rawdata/zookeeper-server-clover/clover-data/org/apache/zookeeper/test/CreateModeTest",
    "368": "rawdata/zookeeper-server-clover/clover-data/org/apache/zookeeper/test/ACLTest",
    "369": "rawdata/zookeeper-server-clover/clover-data/org/apache/zookeeper/test/GetProposalFromTxnTest",
    "370": "rawdata/zookeeper-server-clover/clover-data/org/apache/zookeeper/test/NettyNettySuiteHammerTest",
    "371": "rawdata/zookeeper-server-clover/clover-data/org/apache/zookeeper/test/ClientTest",
    "372": "rawdata/zookeeper-server-clover/clover-data/org/apache/zookeeper/test/ClientBase",
    "373": "rawdata/zookeeper-server-clover/clover-data/org/apache/zookeeper/test/TestHammer",
    "374": "rawdata/zookeeper-server-clover/clover-data/org/apache/zookeeper/test/NettyNettySuiteTest",
    "375": "rawdata/zookeeper-server-clover/clover-data/org/apache/zookeeper/test/ObserverLETest",
    "376": "rawdata/zookeeper-server-clover/clover-data/org/apache/zookeeper/test/FourLetterWordsQuorumTest",
    "377": "rawdata/zookeeper-server-clover/clover-data/org/apache/zookeeper/test/IntegrityCheck",
    "378": "rawdata/zookeeper-server-clover/clover-data/org/apache/zookeeper/test/SaslAuthDesignatedClientTest",
    "379": "rawdata/zookeeper-server-clover/clover-data/org/apache/zookeeper/test/ReconfigExceptionTest",
    "380": "rawdata/zookeeper-server-clover/clover-data/org/apache/zookeeper/test/AtomicFileOutputStreamTest",
    "381": "rawdata/zookeeper-server-clover/clover-data/org/apache/zookeeper/test/HierarchicalQuorumTest",
    "382": "rawdata/zookeeper-server-clover/clover-data/org/apache/zookeeper/test/ClientRetryTest",
    "383": "rawdata/zookeeper-server-clover/clover-data/org/apache/zookeeper/test/ReadOnlyModeTest",
    "384": "rawdata/zookeeper-server-clover/clover-data/org/apache/zookeeper/test/NettyNettySuiteBase",
    "385": "rawdata/zookeeper-server-clover/clover-data/org/apache/zookeeper/test/ReconfigMisconfigTest",
    "386": "rawdata/zookeeper-server-clover/clover-data/org/apache/zookeeper/test/StandaloneTest",
    "387": "rawdata/zookeeper-server-clover/clover-data/org/apache/zookeeper/test/JMXEnv",
    "388": "rawdata/zookeeper-server-clover/clover-data/org/apache/zookeeper/test/ChrootClientTest",
    "389": "rawdata/zookeeper-server-clover/clover-data/org/apache/zookeeper/test/BufferSizeTest",
    "390": "rawdata/zookeeper-server-clover/clover-data/org/apache/zookeeper/test/InvalidSnapshotTest",
    "391": "rawdata/zookeeper-server-clover/clover-data/org/apache/zookeeper/test/NonRecoverableErrorTest",
    "392": "rawdata/zookeeper-server-clover/clover-data/org/apache/zookeeper/test/GetChildren2Test",
    "393": "rawdata/zookeeper-server-clover/clover-data/org/apache/zookeeper/test/ServerCnxnTest",
    "394": "rawdata/zookeeper-server-clover/clover-data/org/apache/zookeeper/test/FLERestartTest",
    "395": "rawdata/zookeeper-server-clover/clover-data/org/apache/zookeeper/test/QuorumBase",
    "396": "rawdata/zookeeper-server-clover/clover-data/org/apache/zookeeper/test/SyncCallTest",
    "397": "rawdata/zookeeper-server-clover/clover-data/org/apache/zookeeper/test/SledgeHammer",
    "398": "rawdata/zookeeper-server-clover/clover-data/org/apache/zookeeper/test/LENonTerminateTest",
    "399": "rawdata/zookeeper-server-clover/clover-data/org/apache/zookeeper/test/TestByteBufAllocator",
    "400": "rawdata/zookeeper-server-clover/clover-data/org/apache/zookeeper/test/AsyncOpsTest",
    "401": "rawdata/zookeeper-server-clover/clover-data/org/apache/zookeeper/test/ChrootTest",
    "402": "rawdata/zookeeper-server-clover/clover-data/org/apache/zookeeper/test/WatchedEventTest",
    "403": "rawdata/zookeeper-server-clover/clover-data/org/apache/zookeeper/test/ZkDatabaseCorruptionTest",
    "404": "rawdata/zookeeper-server-clover/clover-data/org/apache/zookeeper/test/DisconnectableZooKeeper",
    "405": "rawdata/zookeeper-server-clover/clover-data/org/apache/zookeeper/test/FourLetterWordsTest",
    "406": "rawdata/zookeeper-server-clover/clover-data/org/apache/zookeeper/test/ClientPortBindTest",
    "407": "rawdata/zookeeper-server-clover/clover-data/org/apache/zookeeper/test/QuorumUtil",
    "408": "rawdata/zookeeper-server-clover/clover-data/org/apache/zookeeper/test/RecoveryTest",
    "409": "rawdata/zookeeper-server-clover/clover-data/org/apache/zookeeper/test/TestUtils",
    "410": "rawdata/zookeeper-server-clover/clover-data/org/apache/zookeeper/test/SessionUpgradeTest",
    "411": "rawdata/zookeeper-server-clover/clover-data/org/apache/zookeeper/test/QuorumMajorityTest",
    "412": "rawdata/zookeeper-server-clover/clover-data/org/apache/zookeeper/test/NIOConnectionFactoryFdLeakTest",
    "413": "rawdata/zookeeper-server-clover/clover-data/org/apache/zookeeper/test/SaslAuthFailTest",
    "414": "rawdata/zookeeper-server-clover/clover-data/org/apache/zookeeper/test/NullDataTest",
    "415": "rawdata/zookeeper-server-clover/clover-data/org/apache/zookeeper/test/QuorumZxidSyncTest",
    "416": "rawdata/zookeeper-server-clover/clover-data/org/apache/zookeeper/test/SessionTest",
    "417": "rawdata/zookeeper-server-clover/clover-data/org/apache/zookeeper/test/SSLAuthTest",
    "418": "rawdata/zookeeper-server-clover/clover-data/org/apache/zookeeper/test/ZooKeeperTestClient",
    "419": "rawdata/zookeeper-server-clover/clover-data/org/apache/zookeeper/test/MaxCnxnsTest",
    "420": "rawdata/zookeeper-server-clover/clover-data/org/apache/zookeeper/test/NioNettySuiteHammerTest",
    "421": "rawdata/zookeeper-server-clover/clover-data/org/apache/zookeeper/test/ClientHammerTest",
    "422": "rawdata/zookeeper-server-clover/clover-data/org/apache/zookeeper/test/LocalSessionsOnlyTest",
    "423": "rawdata/zookeeper-server-clover/clover-data/org/apache/zookeeper/test/AuthTest",
    "424": "rawdata/zookeeper-server-clover/clover-data/org/apache/zookeeper/test/LoadFromLogTest",
    "425": "rawdata/zookeeper-server-clover/clover-data/org/apache/zookeeper/test/LeaderSessionTrackerTest",
    "426": "rawdata/zookeeper-server-clover/clover-data/org/apache/zookeeper/test/NioNettySuiteBase",
    "427": "rawdata/zookeeper-server-clover/clover-data/org/apache/zookeeper/test/CnxManagerTest",
    "428": "rawdata/zookeeper-server-clover/clover-data/org/apache/zookeeper/test/ZooKeeperQuotaTest",
    "429": "rawdata/zookeeper-server-clover/clover-data/org/apache/zookeeper/test/SessionTrackerCheckTest",
    "430": "rawdata/zookeeper-server-clover/clover-data/org/apache/zookeeper/test/StaticHostProviderTest",
    "431": "rawdata/zookeeper-server-clover/clover-data/org/apache/zookeeper/test/LoadFromLogNoServerTest",
    "432": "rawdata/zookeeper-server-clover/clover-data/org/apache/zookeeper/test/WatcherTest",
    "433": "rawdata/zookeeper-server-clover/clover-data/org/apache/zookeeper/test/FourLetterWordsWhiteListTest",
    "434": "rawdata/zookeeper-server-clover/clover-data/org/apache/zookeeper/test/OOMTest",
    "435": "rawdata/zookeeper-server-clover/clover-data/org/apache/zookeeper/test/QuorumTest",
    "436": "rawdata/zookeeper-server-clover/clover-data/org/apache/zookeeper/test/SessionInvalidationTest",
    "437": "rawdata/zookeeper-server-clover/clover-data/org/apache/zookeeper/test/QuorumHammerTest",
    "438": "rawdata/zookeeper-server-clover/clover-data/org/apache/zookeeper/test/MultiAsyncTransactionTest",
    "439": "rawdata/zookeeper-server-clover/clover-data/org/apache/zookeeper/test/NioNettySuiteTest",
    "440": "rawdata/zookeeper-server-clover/clover-data/org/apache/zookeeper/test/AsyncOps",
    "441": "rawdata/zookeeper-server-clover/clover-data/org/apache/zookeeper/test/FLEZeroWeightTest",
    "442": "rawdata/zookeeper-server-clover/clover-data/org/apache/zookeeper/test/FLENewEpochTest",
    "443": "rawdata/zookeeper-server-clover/clover-data/org/apache/zookeeper/test/CreateTest",
    "444": "rawdata/zookeeper-server-clover/clover-data/org/apache/zookeeper/test/DisconnectedWatcherTest",
    "445": "rawdata/zookeeper-server-clover/clover-data/org/apache/zookeeper/test/ACLCountTest",
    "446": "rawdata/zookeeper-server-clover/clover-data/org/apache/zookeeper/test/OSMXBeanTest",
    "447": "rawdata/zookeeper-server-clover/clover-data/org/apache/zookeeper/test/QuorumUtilTest",
    "448": "rawdata/zookeeper-server-clover/clover-data/org/apache/zookeeper/test/LocalSessionRequestTest",
    "449": "rawdata/zookeeper-server-clover/clover-data/org/apache/zookeeper/test/EmptiedSnapshotRecoveryTest",
    "450": "rawdata/zookeeper-server-clover/clover-data/org/apache/zookeeper/test/TestByteBufAllocatorTestHelper",
    "451": "rawdata/zookeeper-server-clover/clover-data/org/apache/zookeeper/test/SaslAuthFailDesignatedClientTest",
    "452": "rawdata/zookeeper-server-clover/clover-data/org/apache/zookeeper/test/EventTypeTest",
    "453": "rawdata/zookeeper-server-clover/clover-data/org/apache/zookeeper/test/QuorumQuotaTest",
    "454": "rawdata/zookeeper-server-clover/clover-data/org/apache/zookeeper/test/ObserverHierarchicalQuorumTest",
    "455": "rawdata/zookeeper-server-clover/clover-data/org/apache/zookeeper/test/ObserverQuorumHammerTest",
    "456": "rawdata/zookeeper-server-clover/clover-data/org/apache/zookeeper/test/ClientSkipACLTest",
    "457": "rawdata/zookeeper-server-clover/clover-data/org/apache/zookeeper/test/StringUtilTest",
    "458": "rawdata/zookeeper-server-clover/clover-data/org/apache/zookeeper/test/FLEPredicateTest",
    "459": "rawdata/zookeeper-server-clover/clover-data/org/apache/zookeeper/test/TruncateTest",
    "460": "rawdata/zookeeper-server-clover/clover-data/org/apache/zookeeper/test/RepeatStartupTest",
    "461": "rawdata/zookeeper-server-clover/clover-data/org/apache/zookeeper/test/ConnectStringParserTest",
    "462": "rawdata/zookeeper-server-clover/clover-data/org/apache/zookeeper/test/ChrootAsyncTest",
    "463": "rawdata/zookeeper-server-clover/clover-data/org/apache/zookeeper/test/SaslSuperUserTest",
    "464": "rawdata/zookeeper-server-clover/clover-data/org/apache/zookeeper/test/WatcherFuncTest",
    "465": "rawdata/zookeeper-server-clover/clover-data/org/apache/zookeeper/test/RestoreCommittedLogTest",
    "466": "rawdata/zookeeper-server-clover/clover-data/org/apache/zookeeper/test/ReconfigTest",
    "467": "rawdata/zookeeper-server-clover/clover-data/org/apache/zookeeper/test/FLETest",
    "468": "rawdata/zookeeper-server-clover/clover-data/org/apache/zookeeper/test/SaslAuthMissingClientConfigTest",
    "469": "rawdata/zookeeper-server-clover/clover-data/org/apache/zookeeper/test/MultiTransactionTest",
    "470": "rawdata/zookeeper-server-clover/clover-data/org/apache/zookeeper/test/AsyncHammerTest",
    "471": "rawdata/zookeeper-server-clover/clover-data/org/apache/zookeeper/test/ACLRootTest",
    "472": "rawdata/zookeeper-server-clover/clover-data/org/apache/zookeeper/admin/ZooKeeperAdmin",
    "473": "rawdata/zookeeper-server-clover/clover-data/org/apache/zookeeper/jmx/CommonNames",
    "474": "rawdata/zookeeper-server-clover/clover-data/org/apache/zookeeper/jmx/ManagedUtil",
    "475": "rawdata/zookeeper-server-clover/clover-data/org/apache/zookeeper/jmx/ZKMBeanInfo",
    "476": "rawdata/zookeeper-server-clover/clover-data/org/apache/zookeeper/jmx/MBeanRegistry",
    "477": "rawdata/zookeeper-server-clover/clover-data/org/apache/zookeeper/util/PemReader",
    "478": "rawdata/zookeeper-server-clover/clover-data/org/apache/zookeeper/util/PemReaderTest",
    "479": "rawdata/zookeeper-server-clover/clover-data/org/apache/zookeeper/util/SecurityUtils",
    "480": "rawdata/zookeeper-server-clover/clover-data/org/apache/zookeeper/client/ZKClientConfig",
    "481": "rawdata/zookeeper-server-clover/clover-data/org/apache/zookeeper/client/FourLetterWordMain",
    "482": "rawdata/zookeeper-server-clover/clover-data/org/apache/zookeeper/client/ZooKeeperSaslClient",
    "483": "rawdata/zookeeper-server-clover/clover-data/org/apache/zookeeper/client/ZKClientConfigTest",
    "484": "rawdata/zookeeper-server-clover/clover-data/org/apache/zookeeper/client/StaticHostProvider",
    "485": "rawdata/zookeeper-server-clover/clover-data/org/apache/zookeeper/client/ConnectStringParser",
    "486": "rawdata/zookeeper-server-clover/clover-data/org/apache/zookeeper/client/HostProvider",
    "487": "rawdata/zookeeper-server-clover/clover-data/org/apache/zookeeper/common/PathUtilsTest",
    "488": "rawdata/zookeeper-server-clover/clover-data/org/apache/zookeeper/common/X509TestHelpers",
    "489": "rawdata/zookeeper-server-clover/clover-data/org/apache/zookeeper/common/ZKConfig",
    "490": "rawdata/zookeeper-server-clover/clover-data/org/apache/zookeeper/common/FileChangeWatcher",
    "491": "rawdata/zookeeper-server-clover/clover-data/org/apache/zookeeper/common/FileKeyStoreLoaderBuilderProvider",
    "492": "rawdata/zookeeper-server-clover/clover-data/org/apache/zookeeper/common/X509UtilTest",
    "493": "rawdata/zookeeper-server-clover/clover-data/org/apache/zookeeper/common/PKCS12FileLoaderTest",
    "494": "rawdata/zookeeper-server-clover/clover-data/org/apache/zookeeper/common/KeyStoreFileTypeTest",
    "495": "rawdata/zookeeper-server-clover/clover-data/org/apache/zookeeper/common/ZKTrustManager",
    "496": "rawdata/zookeeper-server-clover/clover-data/org/apache/zookeeper/common/PKCS12FileLoader",
    "497": "rawdata/zookeeper-server-clover/clover-data/org/apache/zookeeper/common/BaseX509ParameterizedTestCase",
    "498": "rawdata/zookeeper-server-clover/clover-data/org/apache/zookeeper/common/X509Util",
    "499": "rawdata/zookeeper-server-clover/clover-data/org/apache/zookeeper/common/IOUtils",
    "500": "rawdata/zookeeper-server-clover/clover-data/org/apache/zookeeper/common/SSLContextAndOptions",
    "501": "rawdata/zookeeper-server-clover/clover-data/org/apache/zookeeper/common/QuorumX509Util",
    "502": "rawdata/zookeeper-server-clover/clover-data/org/apache/zookeeper/common/JKSFileLoaderTest",
    "503": "rawdata/zookeeper-server-clover/clover-data/org/apache/zookeeper/common/X509Exception",
    "504": "rawdata/zookeeper-server-clover/clover-data/org/apache/zookeeper/common/AtomicFileWritingIdiomTest",
    "505": "rawdata/zookeeper-server-clover/clover-data/org/apache/zookeeper/common/NettyUtils",
    "506": "rawdata/zookeeper-server-clover/clover-data/org/apache/zookeeper/common/X509KeyType",
    "507": "rawdata/zookeeper-server-clover/clover-data/org/apache/zookeeper/common/JKSFileLoader",
    "508": "rawdata/zookeeper-server-clover/clover-data/org/apache/zookeeper/common/NetUtils",
    "509": "rawdata/zookeeper-server-clover/clover-data/org/apache/zookeeper/common/AtomicFileOutputStream",
    "510": "rawdata/zookeeper-server-clover/clover-data/org/apache/zookeeper/common/KeyStoreFileType",
    "511": "rawdata/zookeeper-server-clover/clover-data/org/apache/zookeeper/common/ZKTrustManagerTest",
    "512": "rawdata/zookeeper-server-clover/clover-data/org/apache/zookeeper/common/PathUtils",
    "513": "rawdata/zookeeper-server-clover/clover-data/org/apache/zookeeper/common/PEMFileLoader",
    "514": "rawdata/zookeeper-server-clover/clover-data/org/apache/zookeeper/common/PEMFileLoaderTest",
    "515": "rawdata/zookeeper-server-clover/clover-data/org/apache/zookeeper/common/PathTrie",
    "516": "rawdata/zookeeper-server-clover/clover-data/org/apache/zookeeper/common/ZKHostnameVerifier",
    "517": "rawdata/zookeeper-server-clover/clover-data/org/apache/zookeeper/common/StandardTypeFileKeyStoreLoader",
    "518": "rawdata/zookeeper-server-clover/clover-data/org/apache/zookeeper/common/StringUtils",
    "519": "rawdata/zookeeper-server-clover/clover-data/org/apache/zookeeper/common/KeyStoreLoader",
    "520": "rawdata/zookeeper-server-clover/clover-data/org/apache/zookeeper/common/X509TestContext",
    "521": "rawdata/zookeeper-server-clover/clover-data/org/apache/zookeeper/common/AtomicFileWritingIdiom",
    "522": "rawdata/zookeeper-server-clover/clover-data/org/apache/zookeeper/common/TimeTest",
    "523": "rawdata/zookeeper-server-clover/clover-data/org/apache/zookeeper/common/FileKeyStoreLoaderBuilderProviderTest",
    "524": "rawdata/zookeeper-server-clover/clover-data/org/apache/zookeeper/common/Time",
    "525": "rawdata/zookeeper-server-clover/clover-data/org/apache/zookeeper/common/ClientX509Util",
    "526": "rawdata/zookeeper-server-clover/clover-data/org/apache/zookeeper/common/FileChangeWatcherTest",
    "527": "rawdata/zookeeper-server-clover/clover-data/org/apache/zookeeper/common/FileKeyStoreLoader"
}