{
  "org.apache.hadoop.cli.CLITestHelper#testAll": "435",
  "org.apache.hadoop.cli.TestCLI#execute": "804",
  "org.apache.hadoop.cli.util.CommandExecutor#executeCommand": "703",
  "org.apache.hadoop.cli.util.FSCmdExecutor#execute": "988",
  "org.apache.hadoop.conf.ConfServlet#doGet": "768",
  "org.apache.hadoop.conf.ConfServlet#writeResponse": "1003",
  "org.apache.hadoop.conf.ConfigRedactor#<init>": "233",
  "org.apache.hadoop.conf.Configuration#appendJSONProperty": "467",
  "org.apache.hadoop.conf.Configuration#dumpConfiguration": "857",
  "org.apache.hadoop.conf.Configuration#get": "976",
  "org.apache.hadoop.conf.Configuration#getBoolean": "1153",
  "org.apache.hadoop.conf.Configuration#getClass": "52",
  "org.apache.hadoop.conf.Configuration#getClasses": "723",
  "org.apache.hadoop.conf.Configuration#getFloat": "783",
  "org.apache.hadoop.conf.Configuration#getInt": "367",
  "org.apache.hadoop.conf.Configuration#getInts": "402",
  "org.apache.hadoop.conf.Configuration#getLocalPath": "317",
  "org.apache.hadoop.conf.Configuration#getLong": "1216",
  "org.apache.hadoop.conf.Configuration#getPassword": "946",
  "org.apache.hadoop.conf.Configuration#getPasswordFromCredentialProviders": "785",
  "org.apache.hadoop.conf.Configuration#getRaw": "1056",
  "org.apache.hadoop.conf.Configuration#getSocketAddr": "1242",
  "org.apache.hadoop.conf.Configuration#getStringCollection": "53",
  "org.apache.hadoop.conf.Configuration#getStrings": "241",
  "org.apache.hadoop.conf.Configuration#getTrimmed": "688",
  "org.apache.hadoop.conf.Configuration#getTrimmedStringCollection": "152",
  "org.apache.hadoop.conf.Configuration#getTrimmedStrings": "680",
  "org.apache.hadoop.conf.Configuration$$EnhancerByMockitoWithCGLIB$$2c4724b8#CGLIB$get$67": "1023",
  "org.apache.hadoop.conf.Configuration$$EnhancerByMockitoWithCGLIB$$2c4724b8#CGLIB$get$68": "92",
  "org.apache.hadoop.conf.Configuration$$EnhancerByMockitoWithCGLIB$$2c4724b8#CGLIB$getBoolean$72": "623",
  "org.apache.hadoop.conf.Configuration$$EnhancerByMockitoWithCGLIB$$2c4724b8#CGLIB$getInt$73": "710",
  "org.apache.hadoop.conf.Configuration$$EnhancerByMockitoWithCGLIB$$2c4724b8#CGLIB$getTrimmed$55": "365",
  "org.apache.hadoop.conf.Configuration$$EnhancerByMockitoWithCGLIB$$2c4724b8#get": "621",
  "org.apache.hadoop.conf.Configuration$$EnhancerByMockitoWithCGLIB$$2c4724b8#getBoolean": "937",
  "org.apache.hadoop.conf.Configuration$$EnhancerByMockitoWithCGLIB$$2c4724b8#getInt": "643",
  "org.apache.hadoop.conf.Configuration$$EnhancerByMockitoWithCGLIB$$2c4724b8#getTrimmed": "792",
  "org.apache.hadoop.conf.Configuration$$EnhancerByMockitoWithCGLIB$$2c4724b8$$FastClassByMockitoWithCGLIB$$5584f667#invoke": "58",
  "org.apache.hadoop.conf.ReconfigurableBase#getChangedProperties": "613",
  "org.apache.hadoop.conf.ReconfigurableBase$ReconfigurationThread#run": "9",
  "org.apache.hadoop.conf.ReconfigurationUtil#getChangedProperties": "716",
  "org.apache.hadoop.conf.ReconfigurationUtil#parseChangedProperties": "294",
  "org.apache.hadoop.conf.TestConfServlet#testWriteJson": "87",
  "org.apache.hadoop.conf.TestConfServlet#verifyGetProperty": "837",
  "org.apache.hadoop.conf.TestConfigRedactor#testRedact": "222",
  "org.apache.hadoop.conf.TestConfigurationFieldsBase#extractPropertiesFromXml": "609",
  "org.apache.hadoop.conf.TestConfigurationFieldsBase#setupTestConfigurationFields": "416",
  "org.apache.hadoop.crypto.CryptoCodec#getCodecClasses": "1002",
  "org.apache.hadoop.crypto.CryptoCodec#getInstance": "996",
  "org.apache.hadoop.crypto.CryptoInputStream#read": "1119",
  "org.apache.hadoop.crypto.CryptoInputStream#readFully": "361",
  "org.apache.hadoop.crypto.CryptoStreamsTestBase#cryptoCheck": "743",
  "org.apache.hadoop.crypto.CryptoStreamsTestBase#getInputStream": "1204",
  "org.apache.hadoop.crypto.CryptoStreamsTestBase#getOutputStream": "410",
  "org.apache.hadoop.crypto.CryptoStreamsTestBase#positionedReadCheck": "258",
  "org.apache.hadoop.crypto.CryptoStreamsTestBase#readAll": "1145",
  "org.apache.hadoop.crypto.CryptoStreamsTestBase#readFullyCheck": "708",
  "org.apache.hadoop.crypto.CryptoStreamsTestBase#testAvailable": "442",
  "org.apache.hadoop.crypto.CryptoStreamsTestBase#testCryptoIV": "456",
  "org.apache.hadoop.crypto.CryptoStreamsTestBase#testGetPos": "1094",
  "org.apache.hadoop.crypto.CryptoStreamsTestBase#testPositionedRead": "991",
  "org.apache.hadoop.crypto.CryptoStreamsTestBase#testRead": "914",
  "org.apache.hadoop.crypto.CryptoStreamsTestBase#testReadFully": "1107",
  "org.apache.hadoop.crypto.CryptoStreamsTestBase#testSeek": "798",
  "org.apache.hadoop.crypto.CryptoStreamsTestBase#testSkip": "683",
  "org.apache.hadoop.crypto.CryptoStreamsTestBase#testWrite": "244",
  "org.apache.hadoop.crypto.CryptoStreamsTestBase#writeCheck": "411",
  "org.apache.hadoop.crypto.JceAesCtrCryptoCodec#setConf": "692",
  "org.apache.hadoop.crypto.TestCryptoCodec#testCalculateIV": "106",
  "org.apache.hadoop.crypto.TestCryptoStreams#init": "762",
  "org.apache.hadoop.crypto.TestCryptoStreamsForLocalFS#getInputStream": "328",
  "org.apache.hadoop.crypto.TestCryptoStreamsForLocalFS#getOutputStream": "132",
  "org.apache.hadoop.crypto.TestCryptoStreamsForLocalFS#init": "629",
  "org.apache.hadoop.crypto.TestCryptoStreamsNormal#init": "1209",
  "org.apache.hadoop.crypto.TestCryptoStreamsWithJceAesCtrCryptoCodec#init": "12",
  "org.apache.hadoop.crypto.key.CachingKeyProvider#<init>": "841",
  "org.apache.hadoop.crypto.key.FailureInjectingJavaKeyStoreProvider$Factory#createProvider": "398",
  "org.apache.hadoop.crypto.key.JavaKeyStoreProvider#<init>": "438",
  "org.apache.hadoop.crypto.key.JavaKeyStoreProvider#flush": "511",
  "org.apache.hadoop.crypto.key.JavaKeyStoreProvider#loadAndReturnPerm": "422",
  "org.apache.hadoop.crypto.key.JavaKeyStoreProvider#loadFromPath": "157",
  "org.apache.hadoop.crypto.key.JavaKeyStoreProvider#locateKeystore": "964",
  "org.apache.hadoop.crypto.key.JavaKeyStoreProvider#resetKeyStoreState": "10",
  "org.apache.hadoop.crypto.key.JavaKeyStoreProvider#tryLoadFromPath": "439",
  "org.apache.hadoop.crypto.key.JavaKeyStoreProvider#tryLoadIncompleteFlush": "594",
  "org.apache.hadoop.crypto.key.JavaKeyStoreProvider#writeToNew": "522",
  "org.apache.hadoop.crypto.key.JavaKeyStoreProvider$Factory#createProvider": "1118",
  "org.apache.hadoop.crypto.key.KeyProvider#<init>": "756",
  "org.apache.hadoop.crypto.key.KeyProviderCryptoExtension#decryptEncryptedKey": "337",
  "org.apache.hadoop.crypto.key.KeyProviderCryptoExtension#generateEncryptedKey": "861",
  "org.apache.hadoop.crypto.key.KeyProviderCryptoExtension$DefaultCryptoExtension#decryptEncryptedKey": "50",
  "org.apache.hadoop.crypto.key.KeyProviderCryptoExtension$DefaultCryptoExtension#generateEncryptedKey": "619",
  "org.apache.hadoop.crypto.key.KeyProviderExtension#<init>": "741",
  "org.apache.hadoop.crypto.key.KeyProviderFactory#get": "711",
  "org.apache.hadoop.crypto.key.KeyProviderFactory#getProviders": "771",
  "org.apache.hadoop.crypto.key.TestKeyProvider#testConfiguration": "259",
  "org.apache.hadoop.crypto.key.TestKeyProvider$MyKeyProvider#<init>": "362",
  "org.apache.hadoop.crypto.key.TestKeyProviderCryptoExtension#setup": "354",
  "org.apache.hadoop.crypto.key.TestKeyProviderFactory#checkPermissionRetention": "775",
  "org.apache.hadoop.crypto.key.TestKeyProviderFactory#checkSpecificProvider": "238",
  "org.apache.hadoop.crypto.key.UserProvider#<init>": "533",
  "org.apache.hadoop.crypto.key.UserProvider$Factory#createProvider": "1010",
  "org.apache.hadoop.crypto.key.kms.KMSClientProvider#<init>": "1144",
  "org.apache.hadoop.crypto.key.kms.KMSClientProvider$Factory#createProvider": "833",
  "org.apache.hadoop.crypto.key.kms.LoadBalancingKMSClientProvider#<init>": "886",
  "org.apache.hadoop.crypto.key.kms.TestLoadBalancingKMSClientProvider#setup": "554",
  "org.apache.hadoop.crypto.key.kms.TestLoadBalancingKMSClientProvider$MyKMSClientProvider#<init>": "1042",
  "org.apache.hadoop.crypto.random.OsSecureRandom#setConf": "261",
  "org.apache.hadoop.crypto.random.TestOsSecureRandom#getOsSecureRandom": "1038",
  "org.apache.hadoop.fs.AbstractFileSystem#createFileSystem": "292",
  "org.apache.hadoop.fs.AbstractFileSystem#get": "176",
  "org.apache.hadoop.fs.AbstractFileSystem#newInstance": "1236",
  "org.apache.hadoop.fs.ChecksumFileSystem#access$000": "323",
  "org.apache.hadoop.fs.ChecksumFileSystem#create": "678",
  "org.apache.hadoop.fs.ChecksumFileSystem#getSumBufferSize": "395",
  "org.apache.hadoop.fs.ChecksumFileSystem#open": "77",
  "org.apache.hadoop.fs.ChecksumFileSystem#rename": "625",
  "org.apache.hadoop.fs.ChecksumFileSystem#setConf": "377",
  "org.apache.hadoop.fs.ChecksumFileSystem$ChecksumFSInputChecker#<init>": "224",
  "org.apache.hadoop.fs.ChecksumFileSystem$ChecksumFSInputChecker#read": "327",
  "org.apache.hadoop.fs.ChecksumFileSystem$ChecksumFSOutputSummer#<init>": "1079",
  "org.apache.hadoop.fs.DF#<init>": "712",
  "org.apache.hadoop.fs.DelegateToFileSystem#<init>": "85",
  "org.apache.hadoop.fs.FSDataInputStream#read": "479",
  "org.apache.hadoop.fs.FSDataInputStream#readFully": "653",
  "org.apache.hadoop.fs.FSInputStream#readFully": "664",
  "org.apache.hadoop.fs.FSLinkResolver#resolve": "1172",
  "org.apache.hadoop.fs.FSMainOperationsBaseTest#createFile": "753",
  "org.apache.hadoop.fs.FSMainOperationsBaseTest#doTestRenameDirectoryAsNonExistentDirectory": "595",
  "org.apache.hadoop.fs.FSMainOperationsBaseTest#setUp": "270",
  "org.apache.hadoop.fs.FSMainOperationsBaseTest#testCopyToLocalWithUseRawLocalFileSystemOption": "674",
  "org.apache.hadoop.fs.FSMainOperationsBaseTest#testDeleteRecursively": "647",
  "org.apache.hadoop.fs.FSMainOperationsBaseTest#testGetWrappedInputStream": "251",
  "org.apache.hadoop.fs.FSMainOperationsBaseTest#testInputStreamClosedTwice": "1011",
  "org.apache.hadoop.fs.FSMainOperationsBaseTest#testMkdirsFailsForSubdirectoryOfExistingFile": "1238",
  "org.apache.hadoop.fs.FSMainOperationsBaseTest#testOutputStreamClosedTwice": "765",
  "org.apache.hadoop.fs.FSMainOperationsBaseTest#testOverwrite": "133",
  "org.apache.hadoop.fs.FSMainOperationsBaseTest#testRenameDirectoryAsEmptyDirectory": "343",
  "org.apache.hadoop.fs.FSMainOperationsBaseTest#testRenameDirectoryAsFile": "1161",
  "org.apache.hadoop.fs.FSMainOperationsBaseTest#testRenameDirectoryAsNonEmptyDirectory": "501",
  "org.apache.hadoop.fs.FSMainOperationsBaseTest#testRenameDirectoryAsNonExistentDirectory": "1090",
  "org.apache.hadoop.fs.FSMainOperationsBaseTest#testRenameFileAsExistingDirectory": "693",
  "org.apache.hadoop.fs.FSMainOperationsBaseTest#testRenameFileAsExistingFile": "941",
  "org.apache.hadoop.fs.FSMainOperationsBaseTest#testRenameFileToDestinationWithParentFile": "19",
  "org.apache.hadoop.fs.FSMainOperationsBaseTest#testRenameFileToExistingParent": "875",
  "org.apache.hadoop.fs.FSMainOperationsBaseTest#testRenameFileToItself": "291",
  "org.apache.hadoop.fs.FSMainOperationsBaseTest#testRenameFileToNonExistentDirectory": "88",
  "org.apache.hadoop.fs.FSMainOperationsBaseTest#testWorkingDirectory": "506",
  "org.apache.hadoop.fs.FSMainOperationsBaseTest#testWriteInNonExistentDirectory": "1115",
  "org.apache.hadoop.fs.FSMainOperationsBaseTest#testWriteReadAndDeleteEmptyFile": "281",
  "org.apache.hadoop.fs.FSMainOperationsBaseTest#testWriteReadAndDeleteHalfABlock": "490",
  "org.apache.hadoop.fs.FSMainOperationsBaseTest#testWriteReadAndDeleteOneAndAHalfBlocks": "423",
  "org.apache.hadoop.fs.FSMainOperationsBaseTest#testWriteReadAndDeleteOneBlock": "963",
  "org.apache.hadoop.fs.FSMainOperationsBaseTest#testWriteReadAndDeleteTwoBlocks": "702",
  "org.apache.hadoop.fs.FSMainOperationsBaseTest#writeFile": "956",
  "org.apache.hadoop.fs.FSMainOperationsBaseTest#writeReadAndDelete": "11",
  "org.apache.hadoop.fs.FileContext#<init>": "1207",
  "org.apache.hadoop.fs.FileContext#create": "1202",
  "org.apache.hadoop.fs.FileContext#delete": "1143",
  "org.apache.hadoop.fs.FileContext#getAbstractFileSystem": "227",
  "org.apache.hadoop.fs.FileContext#getFSofPath": "568",
  "org.apache.hadoop.fs.FileContext#getFileContext": "811",
  "org.apache.hadoop.fs.FileContext#getFileStatus": "895",
  "org.apache.hadoop.fs.FileContext#getLocalFSFileContext": "153",
  "org.apache.hadoop.fs.FileContext#mkdir": "658",
  "org.apache.hadoop.fs.FileContext#setVerifyChecksum": "1183",
  "org.apache.hadoop.fs.FileContext#setWorkingDirectory": "186",
  "org.apache.hadoop.fs.FileContext$2#run": "66",
  "org.apache.hadoop.fs.FileContext$Util#copy": "817",
  "org.apache.hadoop.fs.FileContext$Util#exists": "36",
  "org.apache.hadoop.fs.FileContextMainOperationsBaseTest#createFile": "221",
  "org.apache.hadoop.fs.FileContextMainOperationsBaseTest#tearDown": "1165",
  "org.apache.hadoop.fs.FileContextMainOperationsBaseTest#testGetFileContext1": "986",
  "org.apache.hadoop.fs.FileContextMainOperationsBaseTest#testRenameDirectoryAsNonExistentDirectory": "1146",
  "org.apache.hadoop.fs.FileContextMainOperationsBaseTest#testSetVerifyChecksum": "201",
  "org.apache.hadoop.fs.FileContextMainOperationsBaseTest#testWorkingDirectory": "61",
  "org.apache.hadoop.fs.FileContextPermissionBase#setUp": "1156",
  "org.apache.hadoop.fs.FileContextPermissionBase#testUgi": "1061",
  "org.apache.hadoop.fs.FileContextPermissionBase$1#run": "1050",
  "org.apache.hadoop.fs.FileContextUtilBase#testFcCopy": "312",
  "org.apache.hadoop.fs.FileContextUtilBase#testRecursiveFcCopy": "866",
  "org.apache.hadoop.fs.FileSystem#access$200": "33",
  "org.apache.hadoop.fs.FileSystem#append": "31",
  "org.apache.hadoop.fs.FileSystem#checkPath": "898",
  "org.apache.hadoop.fs.FileSystem#copyFromLocalFile": "1019",
  "org.apache.hadoop.fs.FileSystem#copyToLocalFile": "168",
  "org.apache.hadoop.fs.FileSystem#create": "17",
  "org.apache.hadoop.fs.FileSystem#createFileSystem": "897",
  "org.apache.hadoop.fs.FileSystem#createNewFile": "357",
  "org.apache.hadoop.fs.FileSystem#get": "952",
  "org.apache.hadoop.fs.FileSystem#getDefaultUri": "842",
  "org.apache.hadoop.fs.FileSystem#getFileSystemClass": "513",
  "org.apache.hadoop.fs.FileSystem#getLocal": "263",
  "org.apache.hadoop.fs.FileSystem#getServerDefaults": "405",
  "org.apache.hadoop.fs.FileSystem#globStatus": "1176",
  "org.apache.hadoop.fs.FileSystem#initialize": "5",
  "org.apache.hadoop.fs.FileSystem#loadFileSystems": "580",
  "org.apache.hadoop.fs.FileSystem#makeQualified": "740",
  "org.apache.hadoop.fs.FileSystem#newInstance": "304",
  "org.apache.hadoop.fs.FileSystem#open": "296",
  "org.apache.hadoop.fs.FileSystem$1#run": "540",
  "org.apache.hadoop.fs.FileSystem$2#run": "370",
  "org.apache.hadoop.fs.FileSystem$Cache#get": "320",
  "org.apache.hadoop.fs.FileSystem$Cache#getInternal": "3",
  "org.apache.hadoop.fs.FileSystem$Cache#getUnique": "1033",
  "org.apache.hadoop.fs.FileSystem$Cache$Key#<init>": "706",
  "org.apache.hadoop.fs.FileSystemTestHelper#createFile": "1128",
  "org.apache.hadoop.fs.FileSystemTestHelper#readFile": "931",
  "org.apache.hadoop.fs.FileSystemTestHelper#writeFile": "523",
  "org.apache.hadoop.fs.FileSystemTestWrapper#create": "686",
  "org.apache.hadoop.fs.FileSystemTestWrapper#createFile": "856",
  "org.apache.hadoop.fs.FileSystemTestWrapper#open": "2",
  "org.apache.hadoop.fs.FileSystemTestWrapper#readFile": "724",
  "org.apache.hadoop.fs.FileSystemTestWrapper#writeFile": "28",
  "org.apache.hadoop.fs.FileUtil#copy": "966",
  "org.apache.hadoop.fs.FileUtil#copyMerge": "215",
  "org.apache.hadoop.fs.FileUtil#createJarWithClassPath": "810",
  "org.apache.hadoop.fs.FilterFileSystem#create": "289",
  "org.apache.hadoop.fs.FilterFileSystem#getServerDefaults": "758",
  "org.apache.hadoop.fs.FilterFileSystem#initialize": "255",
  "org.apache.hadoop.fs.FilterFileSystem#open": "265",
  "org.apache.hadoop.fs.FsShell#getCurrentTrashDir": "1101",
  "org.apache.hadoop.fs.FsShell#getTrash": "30",
  "org.apache.hadoop.fs.FsShell#init": "887",
  "org.apache.hadoop.fs.FsShell#run": "277",
  "org.apache.hadoop.fs.FsTracer#get": "124",
  "org.apache.hadoop.fs.FsUrlStreamHandlerFactory#<init>": "883",
  "org.apache.hadoop.fs.Globber#<init>": "206",
  "org.apache.hadoop.fs.HarFileSystem#decodeHarURI": "734",
  "org.apache.hadoop.fs.HarFileSystem#initialize": "763",
  "org.apache.hadoop.fs.HarFileSystem$HarMetaData#access$000": "1027",
  "org.apache.hadoop.fs.HarFileSystem$HarMetaData#parseMetaData": "1048",
  "org.apache.hadoop.fs.HarFs#<init>": "1022",
  "org.apache.hadoop.fs.LocalDirAllocator#getLocalPathForWrite": "4",
  "org.apache.hadoop.fs.LocalDirAllocator$AllocatorPerContext#confChanged": "661",
  "org.apache.hadoop.fs.LocalDirAllocator$AllocatorPerContext#getLocalPathForWrite": "140",
  "org.apache.hadoop.fs.LocalFileSystem#copyFromLocalFile": "769",
  "org.apache.hadoop.fs.LocalFileSystem#copyToLocalFile": "1142",
  "org.apache.hadoop.fs.LocalFileSystem#initialize": "979",
  "org.apache.hadoop.fs.LocalFileSystem#reportChecksumFailure": "1006",
  "org.apache.hadoop.fs.LocalFileSystem$$EnhancerByMockitoWithCGLIB$$e2dd50bc#CGLIB$create$138": "390",
  "org.apache.hadoop.fs.LocalFileSystem$$EnhancerByMockitoWithCGLIB$$e2dd50bc#CGLIB$create$33": "624",
  "org.apache.hadoop.fs.LocalFileSystem$$EnhancerByMockitoWithCGLIB$$e2dd50bc#create": "1070",
  "org.apache.hadoop.fs.LocalFileSystem$$EnhancerByMockitoWithCGLIB$$e2dd50bc$$FastClassByMockitoWithCGLIB$$57a2202d#invoke": "89",
  "org.apache.hadoop.fs.Path#getFileSystem": "800",
  "org.apache.hadoop.fs.Path$$EnhancerByMockitoWithCGLIB$$92f929a1#CGLIB$getFileSystem$16": "903",
  "org.apache.hadoop.fs.Path$$EnhancerByMockitoWithCGLIB$$92f929a1#getFileSystem": "119",
  "org.apache.hadoop.fs.Path$$EnhancerByMockitoWithCGLIB$$92f929a1$$FastClassByMockitoWithCGLIB$$608cc2b2#invoke": "867",
  "org.apache.hadoop.fs.Path$$EnhancerByMockitoWithCGLIB$$a97dbccf#CGLIB$getFileSystem$16": "56",
  "org.apache.hadoop.fs.Path$$EnhancerByMockitoWithCGLIB$$a97dbccf#getFileSystem": "521",
  "org.apache.hadoop.fs.Path$$EnhancerByMockitoWithCGLIB$$a97dbccf$$FastClassByMockitoWithCGLIB$$c04801b8#invoke": "786",
  "org.apache.hadoop.fs.RawLocalFileSystem#initialize": "803",
  "org.apache.hadoop.fs.RawLocalFileSystem#rename": "1136",
  "org.apache.hadoop.fs.SymlinkBaseTest#checkLink": "924",
  "org.apache.hadoop.fs.SymlinkBaseTest#createAndWriteFile": "919",
  "org.apache.hadoop.fs.SymlinkBaseTest#readFile": "642",
  "org.apache.hadoop.fs.SymlinkBaseTest#testAccessFileViaInterSymlinkQualTarget": "138",
  "org.apache.hadoop.fs.SymlinkBaseTest#testCreateFileViaSymlink": "1219",
  "org.apache.hadoop.fs.SymlinkBaseTest#testCreateLinkCanCreateParent": "340",
  "org.apache.hadoop.fs.SymlinkBaseTest#testCreateLinkToDirectory": "482",
  "org.apache.hadoop.fs.SymlinkBaseTest#testCreateLinkToDot": "1138",
  "org.apache.hadoop.fs.SymlinkBaseTest#testCreateLinkToDotDot": "995",
  "org.apache.hadoop.fs.SymlinkBaseTest#testCreateLinkToDotDotPrefix": "626",
  "org.apache.hadoop.fs.SymlinkBaseTest#testCreateLinkToLink": "816",
  "org.apache.hadoop.fs.SymlinkBaseTest#testCreateLinkTwice": "1193",
  "org.apache.hadoop.fs.SymlinkBaseTest#testCreateLinkUsingAbsPaths": "494",
  "org.apache.hadoop.fs.SymlinkBaseTest#testCreateLinkUsingFullyQualPaths": "990",
  "org.apache.hadoop.fs.SymlinkBaseTest#testCreateLinkUsingRelPaths": "62",
  "org.apache.hadoop.fs.SymlinkBaseTest#testCreateLinkViaLink": "608",
  "org.apache.hadoop.fs.SymlinkBaseTest#testDeleteLink": "860",
  "org.apache.hadoop.fs.SymlinkBaseTest#testLinkStatusAndTargetWithNonLink": "195",
  "org.apache.hadoop.fs.SymlinkBaseTest#testListStatusUsingLink": "557",
  "org.apache.hadoop.fs.SymlinkBaseTest#testOpenResolvesLinks": "1162",
  "org.apache.hadoop.fs.SymlinkBaseTest#testRecursiveLinks": "122",
  "org.apache.hadoop.fs.SymlinkBaseTest#testRenameDirToSymlinkToFile": "749",
  "org.apache.hadoop.fs.SymlinkBaseTest#testRenameFileToDestViaSymlink": "1132",
  "org.apache.hadoop.fs.SymlinkBaseTest#testRenameFileToSymlinkToDir": "387",
  "org.apache.hadoop.fs.SymlinkBaseTest#testRenameFileToSymlinkToFile": "1189",
  "org.apache.hadoop.fs.SymlinkBaseTest#testRenameFileViaSymlink": "761",
  "org.apache.hadoop.fs.SymlinkBaseTest#testRenameFileWithDestParentSymlink": "445",
  "org.apache.hadoop.fs.SymlinkBaseTest#testRenameLinkTarget": "562",
  "org.apache.hadoop.fs.SymlinkBaseTest#testRenameSymlink": "175",
  "org.apache.hadoop.fs.SymlinkBaseTest#testRenameSymlinkNonExistantDest": "1137",
  "org.apache.hadoop.fs.SymlinkBaseTest#testRenameSymlinkToExistingFile": "744",
  "org.apache.hadoop.fs.SymlinkBaseTest#testRenameSymlinkViaSymlink": "29",
  "org.apache.hadoop.fs.SymlinkBaseTest#testSetTimesSymlinkToFile": "1167",
  "org.apache.hadoop.fs.SymlinkBaseTest#testStatLinkToFile": "282",
  "org.apache.hadoop.fs.SymlinkBaseTest#testStatNonLinks": "351",
  "org.apache.hadoop.fs.SymlinkBaseTest#testUseLinkAferDeleteLink": "267",
  "org.apache.hadoop.fs.TestChecksumFileSystem#resetLocalFs": "1062",
  "org.apache.hadoop.fs.TestChecksumFileSystem#verifyRename": "418",
  "org.apache.hadoop.fs.TestDelegateToFileSystem#testDefaultUriInternal": "663",
  "org.apache.hadoop.fs.TestDelegateToFsCheckPath$DummyDelegateToFileSystem#<init>": "778",
  "org.apache.hadoop.fs.TestFSMainOperationsLocalFileSystem#createFileSystem": "718",
  "org.apache.hadoop.fs.TestFSMainOperationsLocalFileSystem#setUp": "854",
  "org.apache.hadoop.fs.TestFcLocalFsPermission#getFileContext": "0",
  "org.apache.hadoop.fs.TestFcLocalFsPermission#setUp": "359",
  "org.apache.hadoop.fs.TestFcLocalFsUtil#setUp": "738",
  "org.apache.hadoop.fs.TestFileContextDeleteOnExit#setup": "790",
  "org.apache.hadoop.fs.TestFileContextResolveAfs#setup": "1116",
  "org.apache.hadoop.fs.TestFileSystemCaching#testCacheDisabled": "188",
  "org.apache.hadoop.fs.TestFileSystemCaching#testUserFS": "618",
  "org.apache.hadoop.fs.TestFileSystemCaching$1#run": "1091",
  "org.apache.hadoop.fs.TestFileSystemCaching$2#run": "516",
  "org.apache.hadoop.fs.TestFileSystemCaching$4#run": "808",
  "org.apache.hadoop.fs.TestFileSystemCaching$5#run": "495",
  "org.apache.hadoop.fs.TestFileSystemCaching$7#run": "84",
  "org.apache.hadoop.fs.TestFileSystemCaching$9#run": "1034",
  "org.apache.hadoop.fs.TestFileSystemCanonicalization#initialize": "190",
  "org.apache.hadoop.fs.TestFileSystemCanonicalization#verifyCheckPath": "70",
  "org.apache.hadoop.fs.TestFileSystemCanonicalization#verifyPaths": "308",
  "org.apache.hadoop.fs.TestFileUtil#copyMerge": "1185",
  "org.apache.hadoop.fs.TestFileUtil#testCopy5": "1134",
  "org.apache.hadoop.fs.TestFileUtil#testCreateJarWithClassPath": "6",
  "org.apache.hadoop.fs.TestFilterFileSystem#checkInit": "846",
  "org.apache.hadoop.fs.TestFsShellCopy#checkDirectCopy": "379",
  "org.apache.hadoop.fs.TestFsShellCopy#checkPut": "865",
  "org.apache.hadoop.fs.TestFsShellCopy#createEmptyFile": "264",
  "org.apache.hadoop.fs.TestFsShellCopy#createFile": "691",
  "org.apache.hadoop.fs.TestFsShellCopy#prepFiles": "164",
  "org.apache.hadoop.fs.TestFsShellCopy#readFile": "341",
  "org.apache.hadoop.fs.TestFsShellCopy#setup": "170",
  "org.apache.hadoop.fs.TestFsShellCopy#shellRun": "229",
  "org.apache.hadoop.fs.TestFsShellList#createFile": "306",
  "org.apache.hadoop.fs.TestFsShellList#setup": "605",
  "org.apache.hadoop.fs.TestFsShellReturnCode#change": "948",
  "org.apache.hadoop.fs.TestFsShellReturnCode#setup": "252",
  "org.apache.hadoop.fs.TestFsShellReturnCode#writeFile": "551",
  "org.apache.hadoop.fs.TestFsShellTouch#setup": "1131",
  "org.apache.hadoop.fs.TestFsShellTouch#shellRun": "814",
  "org.apache.hadoop.fs.TestGetFileBlockLocations#setUp": "298",
  "org.apache.hadoop.fs.TestHarFileSystem#checkInvalidPath": "809",
  "org.apache.hadoop.fs.TestHarFileSystem#testHarUri": "15",
  "org.apache.hadoop.fs.TestHarFileSystemBasics#before": "901",
  "org.apache.hadoop.fs.TestHarFileSystemBasics#createHarFileSystem": "184",
  "org.apache.hadoop.fs.TestHarFileSystemBasics#writeVersionToMasterIndexImpl": "535",
  "org.apache.hadoop.fs.TestListFiles#testSetUp": "656",
  "org.apache.hadoop.fs.TestListFiles#writeFile": "208",
  "org.apache.hadoop.fs.TestLocalDirAllocator#<clinit>": "166",
  "org.apache.hadoop.fs.TestLocalFSFileContextCreateMkdir#setUp": "335",
  "org.apache.hadoop.fs.TestLocalFSFileContextMainOperations#setUp": "96",
  "org.apache.hadoop.fs.TestLocalFileSystem#setup": "812",
  "org.apache.hadoop.fs.TestLocalFileSystem#verifyFile": "938",
  "org.apache.hadoop.fs.TestLocalFileSystemPermission#writeFile": "100",
  "org.apache.hadoop.fs.TestLocalFsFCStatistics#setUp": "272",
  "org.apache.hadoop.fs.TestLocal_S3FileContextURI#setUp": "636",
  "org.apache.hadoop.fs.TestPath#testGlobEscapeStatus": "162",
  "org.apache.hadoop.fs.TestPath#testURI": "1017",
  "org.apache.hadoop.fs.TestS3_LocalFileContextURI#setUp": "893",
  "org.apache.hadoop.fs.TestStat#setup": "606",
  "org.apache.hadoop.fs.TestSymlinkLocalFS#testCreateLinkToDot": "443",
  "org.apache.hadoop.fs.TestSymlinkLocalFS#testDanglingLink": "391",
  "org.apache.hadoop.fs.TestSymlinkLocalFS#testGetLinkStatusPartQualTarget": "622",
  "org.apache.hadoop.fs.TestSymlinkLocalFS#testOpenResolvesLinks": "65",
  "org.apache.hadoop.fs.TestSymlinkLocalFS#testRecursiveLinks": "39",
  "org.apache.hadoop.fs.TestSymlinkLocalFS#testSetTimesSymlinkToFile": "698",
  "org.apache.hadoop.fs.TestSymlinkLocalFSFileContext#testSetup": "700",
  "org.apache.hadoop.fs.TestSymlinkLocalFSFileSystem#testSetup": "572",
  "org.apache.hadoop.fs.TestTrash#trashNonDefaultFS": "1071",
  "org.apache.hadoop.fs.TestTrash#trashShell": "631",
  "org.apache.hadoop.fs.TestTrash#verifyDefaultPolicyIntervalValues": "1139",
  "org.apache.hadoop.fs.TestTrash#verifyMoveEmptyDirToTrash": "1195",
  "org.apache.hadoop.fs.TestTrash#verifyTrashPermission": "815",
  "org.apache.hadoop.fs.TestTrash$AuditableTrashPolicy#<init>": "1084",
  "org.apache.hadoop.fs.TestTrash$AuditableTrashPolicy#initialize": "685",
  "org.apache.hadoop.fs.TestTrash$AuditableTrashPolicy$AuditableEmptier#run": "502",
  "org.apache.hadoop.fs.TestTruncatedInputBug#writeFile": "950",
  "org.apache.hadoop.fs.Trash#<init>": "430",
  "org.apache.hadoop.fs.Trash#moveToAppropriateTrash": "912",
  "org.apache.hadoop.fs.TrashPolicy#getInstance": "705",
  "org.apache.hadoop.fs.TrashPolicyDefault#<init>": "235",
  "org.apache.hadoop.fs.TrashPolicyDefault#initialize": "649",
  "org.apache.hadoop.fs.TrashPolicyDefault$Emptier#run": "1110",
  "org.apache.hadoop.fs.contract.AbstractContractAppendTest#setup": "7",
  "org.apache.hadoop.fs.contract.AbstractContractCreateTest#testCreateFileOverExistingFileNoOverwrite": "160",
  "org.apache.hadoop.fs.contract.AbstractContractCreateTest#testCreateNewFile": "543",
  "org.apache.hadoop.fs.contract.AbstractContractCreateTest#testCreatedFileIsEventuallyVisible": "560",
  "org.apache.hadoop.fs.contract.AbstractContractCreateTest#testCreatedFileIsImmediatelyVisible": "773",
  "org.apache.hadoop.fs.contract.AbstractContractCreateTest#testCreatedFileIsVisibleOnFlush": "794",
  "org.apache.hadoop.fs.contract.AbstractContractCreateTest#testFileStatusBlocksizeEmptyFile": "209",
  "org.apache.hadoop.fs.contract.AbstractContractCreateTest#testFileStatusBlocksizeNonEmptyFile": "368",
  "org.apache.hadoop.fs.contract.AbstractContractCreateTest#testOverwriteEmptyDirectory": "514",
  "org.apache.hadoop.fs.contract.AbstractContractCreateTest#testOverwriteExistingFile": "882",
  "org.apache.hadoop.fs.contract.AbstractContractCreateTest#testOverwriteNonEmptyDirectory": "23",
  "org.apache.hadoop.fs.contract.AbstractContractDeleteTest#testDeleteNonEmptyDirNonRecursive": "742",
  "org.apache.hadoop.fs.contract.AbstractContractDeleteTest#testDeleteNonEmptyDirRecursive": "69",
  "org.apache.hadoop.fs.contract.AbstractContractDeleteTest#testDeleteSingleFile": "161",
  "org.apache.hadoop.fs.contract.AbstractContractGetFileStatusTest#createTestTree": "374",
  "org.apache.hadoop.fs.contract.AbstractContractGetFileStatusTest#setup": "458",
  "org.apache.hadoop.fs.contract.AbstractContractGetFileStatusTest#testComplexDirActions": "115",
  "org.apache.hadoop.fs.contract.AbstractContractGetFileStatusTest#testListFilesFile": "226",
  "org.apache.hadoop.fs.contract.AbstractContractGetFileStatusTest#testListFilesFileRecursive": "470",
  "org.apache.hadoop.fs.contract.AbstractContractGetFileStatusTest#testListLocatedStatusFile": "82",
  "org.apache.hadoop.fs.contract.AbstractContractGetFileStatusTest#testListLocatedStatusFiltering": "1114",
  "org.apache.hadoop.fs.contract.AbstractContractGetFileStatusTest#testListStatusFile": "338",
  "org.apache.hadoop.fs.contract.AbstractContractGetFileStatusTest#testListStatusFilteredFile": "726",
  "org.apache.hadoop.fs.contract.AbstractContractGetFileStatusTest#testListStatusFiltering": "528",
  "org.apache.hadoop.fs.contract.AbstractContractGetFileStatusTest#touchf": "324",
  "org.apache.hadoop.fs.contract.AbstractContractMkdirTest#testMkdirOverParentFile": "399",
  "org.apache.hadoop.fs.contract.AbstractContractMkdirTest#testNoMkdirOverFile": "419",
  "org.apache.hadoop.fs.contract.AbstractContractOpenTest#testFsIsEncrypted": "1041",
  "org.apache.hadoop.fs.contract.AbstractContractOpenTest#testOpenFileTwice": "729",
  "org.apache.hadoop.fs.contract.AbstractContractOpenTest#testOpenReadDir": "1005",
  "org.apache.hadoop.fs.contract.AbstractContractOpenTest#testOpenReadDirWithChild": "953",
  "org.apache.hadoop.fs.contract.AbstractContractOpenTest#testOpenReadZeroByteFile": "561",
  "org.apache.hadoop.fs.contract.AbstractContractOpenTest#testSequentialRead": "654",
  "org.apache.hadoop.fs.contract.AbstractContractRenameTest#testRenameDirIntoExistingDir": "1044",
  "org.apache.hadoop.fs.contract.AbstractContractRenameTest#testRenameFileNonexistentDir": "475",
  "org.apache.hadoop.fs.contract.AbstractContractRenameTest#testRenameFileOverExistingFile": "1240",
  "org.apache.hadoop.fs.contract.AbstractContractRenameTest#testRenameNewFileSameDir": "94",
  "org.apache.hadoop.fs.contract.AbstractContractRenameTest#testRenameWithNonEmptySubDir": "799",
  "org.apache.hadoop.fs.contract.AbstractContractSeekTest#setup": "666",
  "org.apache.hadoop.fs.contract.AbstractContractSeekTest#testBlockReadZeroByteFile": "944",
  "org.apache.hadoop.fs.contract.AbstractContractSeekTest#testNegativeSeek": "894",
  "org.apache.hadoop.fs.contract.AbstractContractSeekTest#testPositionedBulkReadDoesntChangePosition": "910",
  "org.apache.hadoop.fs.contract.AbstractContractSeekTest#testRandomSeeks": "1171",
  "org.apache.hadoop.fs.contract.AbstractContractSeekTest#testReadAtExactEOF": "207",
  "org.apache.hadoop.fs.contract.AbstractContractSeekTest#testReadFullyPastEOF": "648",
  "org.apache.hadoop.fs.contract.AbstractContractSeekTest#testReadFullyPastEOFZeroByteFile": "426",
  "org.apache.hadoop.fs.contract.AbstractContractSeekTest#testReadFullySmallFile": "999",
  "org.apache.hadoop.fs.contract.AbstractContractSeekTest#testReadFullyZeroByteFile": "334",
  "org.apache.hadoop.fs.contract.AbstractContractSeekTest#testReadFullyZeroBytebufferPastEOF": "597",
  "org.apache.hadoop.fs.contract.AbstractContractSeekTest#testReadNullBuffer": "677",
  "org.apache.hadoop.fs.contract.AbstractContractSeekTest#testReadSmallFile": "1055",
  "org.apache.hadoop.fs.contract.AbstractContractSeekTest#testSeekAndReadPastEndOfFile": "601",
  "org.apache.hadoop.fs.contract.AbstractContractSeekTest#testSeekBigFile": "1083",
  "org.apache.hadoop.fs.contract.AbstractContractSeekTest#testSeekFile": "731",
  "org.apache.hadoop.fs.contract.AbstractContractSeekTest#testSeekPastEndOfFileThenReseekAndRead": "1054",
  "org.apache.hadoop.fs.contract.AbstractContractSeekTest#testSeekReadClosedFile": "891",
  "org.apache.hadoop.fs.contract.AbstractContractSeekTest#testSeekZeroByteFile": "801",
  "org.apache.hadoop.fs.contract.AbstractContractSetTimesTest#setup": "715",
  "org.apache.hadoop.fs.contract.AbstractFSContractTestBase#rename": "697",
  "org.apache.hadoop.fs.contract.AbstractFSContractTestBase#setup": "673",
  "org.apache.hadoop.fs.contract.ContractTestUtils#assertIsFile": "385",
  "org.apache.hadoop.fs.contract.ContractTestUtils#assertPathExists": "167",
  "org.apache.hadoop.fs.contract.ContractTestUtils#createFile": "1081",
  "org.apache.hadoop.fs.contract.ContractTestUtils#createSubdirs": "44",
  "org.apache.hadoop.fs.contract.ContractTestUtils#readDataset": "1113",
  "org.apache.hadoop.fs.contract.ContractTestUtils#touch": "590",
  "org.apache.hadoop.fs.contract.ContractTestUtils#verifyFileContents": "446",
  "org.apache.hadoop.fs.contract.ContractTestUtils#writeDataset": "552",
  "org.apache.hadoop.fs.contract.ContractTestUtils#writeTextFile": "961",
  "org.apache.hadoop.fs.contract.localfs.LocalFSContract#getLocalFS": "21",
  "org.apache.hadoop.fs.contract.localfs.LocalFSContract#init": "850",
  "org.apache.hadoop.fs.contract.rawlocal.RawlocalFSContract#getLocalFS": "994",
  "org.apache.hadoop.fs.ftp.FTPFileSystem#initialize": "1232",
  "org.apache.hadoop.fs.ftp.FtpFs#<init>": "75",
  "org.apache.hadoop.fs.local.LocalFs#<init>": "484",
  "org.apache.hadoop.fs.local.RawLocalFs#<init>": "646",
  "org.apache.hadoop.fs.permission.FsPermission#getUMask": "274",
  "org.apache.hadoop.fs.permission.TestFsPermission#testBadUmasks": "848",
  "org.apache.hadoop.fs.permission.TestFsPermission#testDeprecatedUmask": "1177",
  "org.apache.hadoop.fs.sftp.SFTPFileSystem#initialize": "148",
  "org.apache.hadoop.fs.sftp.TestSFTPFileSystem#setUp": "1226",
  "org.apache.hadoop.fs.sftp.TestSFTPFileSystem#touch": "326",
  "org.apache.hadoop.fs.shell.Command#expandArgument": "553",
  "org.apache.hadoop.fs.shell.Command#expandArguments": "730",
  "org.apache.hadoop.fs.shell.Command#processArgument": "181",
  "org.apache.hadoop.fs.shell.Command#processArguments": "135",
  "org.apache.hadoop.fs.shell.Command#processPathArgument": "285",
  "org.apache.hadoop.fs.shell.Command#processPaths": "433",
  "org.apache.hadoop.fs.shell.Command#recursePath": "24",
  "org.apache.hadoop.fs.shell.Command#run": "409",
  "org.apache.hadoop.fs.shell.CommandWithDestination#copyFileToTarget": "223",
  "org.apache.hadoop.fs.shell.CommandWithDestination#copyStreamToTarget": "936",
  "org.apache.hadoop.fs.shell.CommandWithDestination#getLocalDestination": "1196",
  "org.apache.hadoop.fs.shell.CommandWithDestination#getRemoteDestination": "301",
  "org.apache.hadoop.fs.shell.CommandWithDestination#processArguments": "59",
  "org.apache.hadoop.fs.shell.CommandWithDestination#processPath": "316",
  "org.apache.hadoop.fs.shell.CommandWithDestination#processPathArgument": "457",
  "org.apache.hadoop.fs.shell.CommandWithDestination#recursePath": "1214",
  "org.apache.hadoop.fs.shell.CommandWithDestination$TargetFileSystem#create": "929",
  "org.apache.hadoop.fs.shell.CommandWithDestination$TargetFileSystem#writeStreamToFile": "381",
  "org.apache.hadoop.fs.shell.CopyCommands$Cp#processOptions": "1235",
  "org.apache.hadoop.fs.shell.CopyCommands$Get#processOptions": "1086",
  "org.apache.hadoop.fs.shell.CopyCommands$Merge#processArguments": "1030",
  "org.apache.hadoop.fs.shell.CopyCommands$Merge#processOptions": "1",
  "org.apache.hadoop.fs.shell.CopyCommands$Put#expandArgument": "417",
  "org.apache.hadoop.fs.shell.CopyCommands$Put#processArguments": "745",
  "org.apache.hadoop.fs.shell.CopyCommands$Put#processOptions": "531",
  "org.apache.hadoop.fs.shell.Delete$Expunge#processArguments": "1191",
  "org.apache.hadoop.fs.shell.Delete$Rm#expandArgument": "46",
  "org.apache.hadoop.fs.shell.Delete$Rm#moveToTrash": "42",
  "org.apache.hadoop.fs.shell.Delete$Rm#processPath": "679",
  "org.apache.hadoop.fs.shell.Display$AvroFileInputStream#<init>": "1239",
  "org.apache.hadoop.fs.shell.Display$Cat#getInputStream": "728",
  "org.apache.hadoop.fs.shell.Display$Cat#printToStdout": "145",
  "org.apache.hadoop.fs.shell.Display$Cat#processPath": "878",
  "org.apache.hadoop.fs.shell.Display$Text#getInputStream": "795",
  "org.apache.hadoop.fs.shell.FsCommand#processRawArguments": "1015",
  "org.apache.hadoop.fs.shell.MoveCommands$MoveFromLocal#processPath": "459",
  "org.apache.hadoop.fs.shell.MoveCommands$Rename#processOptions": "63",
  "org.apache.hadoop.fs.shell.PathData#<init>": "67",
  "org.apache.hadoop.fs.shell.PathData#expandAsGlob": "904",
  "org.apache.hadoop.fs.shell.TestAclCommands#runCommand": "295",
  "org.apache.hadoop.fs.shell.TestAclCommands#testSetfaclValidations": "1215",
  "org.apache.hadoop.fs.shell.TestCopy#resetMock": "978",
  "org.apache.hadoop.fs.shell.TestCopy#tryCopyStream": "1130",
  "org.apache.hadoop.fs.shell.TestCopyPreserveFlag#initialize": "141",
  "org.apache.hadoop.fs.shell.TestCopyPreserveFlag#run": "589",
  "org.apache.hadoop.fs.shell.TestCount#processMultipleStorageTypesContent": "80",
  "org.apache.hadoop.fs.shell.TestCount#processPathWithQuotaUsage": "802",
  "org.apache.hadoop.fs.shell.TestLs#displayWarningOnLocalFileSystem": "868",
  "org.apache.hadoop.fs.shell.TestLs$TestFile#getPathData": "407",
  "org.apache.hadoop.fs.shell.TestPathData#initialize": "146",
  "org.apache.hadoop.fs.shell.TestTextCommand#readUsingTextCommand": "358",
  "org.apache.hadoop.fs.shell.TestTextCommand$1#getInputStream": "1166",
  "org.apache.hadoop.fs.shell.TestXAttrCommands#runCommand": "183",
  "org.apache.hadoop.fs.shell.Touch$Touchz#processNonexistentPath": "476",
  "org.apache.hadoop.fs.shell.Touch$Touchz#processPath": "973",
  "org.apache.hadoop.fs.shell.Touch$Touchz#touchz": "669",
  "org.apache.hadoop.fs.shell.find.Find#isPathRecursable": "907",
  "org.apache.hadoop.fs.shell.find.Find#processArguments": "378",
  "org.apache.hadoop.fs.shell.find.Find#recursePath": "213",
  "org.apache.hadoop.fs.shell.find.TestFind#createDirectories": "735",
  "org.apache.hadoop.fs.shell.find.TestFind#createPathData": "1233",
  "org.apache.hadoop.fs.viewfs.ChRootedFileSystem#<init>": "463",
  "org.apache.hadoop.fs.viewfs.ChRootedFileSystem#create": "302",
  "org.apache.hadoop.fs.viewfs.ChRootedFileSystem#open": "156",
  "org.apache.hadoop.fs.viewfs.InodeTree#<init>": "114",
  "org.apache.hadoop.fs.viewfs.InodeTree#createLink": "939",
  "org.apache.hadoop.fs.viewfs.TestChRootedFileSystem#setUp": "584",
  "org.apache.hadoop.fs.viewfs.TestChRootedFs#setUp": "855",
  "org.apache.hadoop.fs.viewfs.TestFSMainOperationsLocalFileSystem#createFileSystem": "926",
  "org.apache.hadoop.fs.viewfs.TestFSMainOperationsLocalFileSystem#setUp": "550",
  "org.apache.hadoop.fs.viewfs.TestFcCreateMkdirLocalFs#setUp": "193",
  "org.apache.hadoop.fs.viewfs.TestFcCreateMkdirLocalFs#tearDown": "14",
  "org.apache.hadoop.fs.viewfs.TestFcMainOperationsLocalFs#setUp": "150",
  "org.apache.hadoop.fs.viewfs.TestFcMainOperationsLocalFs#tearDown": "965",
  "org.apache.hadoop.fs.viewfs.TestFcPermissionsLocalFs#getFileContext": "851",
  "org.apache.hadoop.fs.viewfs.TestFcPermissionsLocalFs#setUp": "1210",
  "org.apache.hadoop.fs.viewfs.TestFcPermissionsLocalFs#tearDown": "504",
  "org.apache.hadoop.fs.viewfs.TestViewFileSystemDelegation#setup": "1170",
  "org.apache.hadoop.fs.viewfs.TestViewFileSystemDelegation#setupFileSystem": "1007",
  "org.apache.hadoop.fs.viewfs.TestViewFileSystemDelegation#setupMockFileSystem": "1150",
  "org.apache.hadoop.fs.viewfs.TestViewFileSystemDelegation$FakeFileSystem#initialize": "129",
  "org.apache.hadoop.fs.viewfs.TestViewFileSystemDelegationTokenSupport#setup": "1087",
  "org.apache.hadoop.fs.viewfs.TestViewFileSystemDelegationTokenSupport#setupFileSystem": "529",
  "org.apache.hadoop.fs.viewfs.TestViewFileSystemLocalFileSystem#setUp": "1117",
  "org.apache.hadoop.fs.viewfs.TestViewFileSystemWithAuthorityLocalFileSystem#setUp": "1184",
  "org.apache.hadoop.fs.viewfs.TestViewFsConfig$1#<init>": "91",
  "org.apache.hadoop.fs.viewfs.TestViewFsLocalFs#setUp": "86",
  "org.apache.hadoop.fs.viewfs.TestViewFsTrash#setUp": "99",
  "org.apache.hadoop.fs.viewfs.TestViewFsWithAuthorityLocalFs#setUp": "468",
  "org.apache.hadoop.fs.viewfs.TestViewfsFileStatus#testFileStatusSerialziation": "1096",
  "org.apache.hadoop.fs.viewfs.ViewFileSystem#<init>": "212",
  "org.apache.hadoop.fs.viewfs.ViewFileSystem#create": "650",
  "org.apache.hadoop.fs.viewfs.ViewFileSystem#initialize": "921",
  "org.apache.hadoop.fs.viewfs.ViewFileSystem#open": "616",
  "org.apache.hadoop.fs.viewfs.ViewFileSystem$1#<init>": "130",
  "org.apache.hadoop.fs.viewfs.ViewFileSystem$1#getTargetFileSystem": "826",
  "org.apache.hadoop.fs.viewfs.ViewFileSystem$InternalDirOfViewFs#<init>": "1103",
  "org.apache.hadoop.fs.viewfs.ViewFileSystemBaseTest#setUp": "1026",
  "org.apache.hadoop.fs.viewfs.ViewFileSystemBaseTest#testCheckOwnerWithFileStatus": "1178",
  "org.apache.hadoop.fs.viewfs.ViewFileSystemBaseTest#testGetBlockLocations": "836",
  "org.apache.hadoop.fs.viewfs.ViewFileSystemBaseTest#testInternalCreate1": "870",
  "org.apache.hadoop.fs.viewfs.ViewFileSystemBaseTest#testInternalCreate2": "962",
  "org.apache.hadoop.fs.viewfs.ViewFileSystemBaseTest#testInternalCreateMissingDir": "828",
  "org.apache.hadoop.fs.viewfs.ViewFileSystemBaseTest#testInternalCreateMissingDir2": "872",
  "org.apache.hadoop.fs.viewfs.ViewFileSystemBaseTest#testInternalCreateMissingDir3": "1012",
  "org.apache.hadoop.fs.viewfs.ViewFileSystemBaseTest#testListOnMountTargetDirs": "987",
  "org.apache.hadoop.fs.viewfs.ViewFileSystemBaseTest#testListOnMountTargetDirsInternal": "1222",
  "org.apache.hadoop.fs.viewfs.ViewFileSystemBaseTest#testLocatedListOnMountTargetDirs": "51",
  "org.apache.hadoop.fs.viewfs.ViewFileSystemBaseTest#testLocatedOperationsThroughMountLinks": "992",
  "org.apache.hadoop.fs.viewfs.ViewFileSystemBaseTest#testOperationsThroughMountLinks": "908",
  "org.apache.hadoop.fs.viewfs.ViewFileSystemBaseTest#testOperationsThroughMountLinksInternal": "746",
  "org.apache.hadoop.fs.viewfs.ViewFileSystemBaseTest#testRenameAcrossMounts1": "102",
  "org.apache.hadoop.fs.viewfs.ViewFileSystemBaseTest#testRenameAcrossMounts2": "1077",
  "org.apache.hadoop.fs.viewfs.ViewFileSystemBaseTest#testRenameAcrossMounts3": "1106",
  "org.apache.hadoop.fs.viewfs.ViewFileSystemBaseTest#testRenameAcrossMounts4": "670",
  "org.apache.hadoop.fs.viewfs.ViewFileSystemBaseTest#testResolvePathThroughMountPoints": "104",
  "org.apache.hadoop.fs.viewfs.ViewFileSystemBaseTest$1#run": "239",
  "org.apache.hadoop.fs.viewfs.ViewFileSystemTestSetup#setupForViewFileSystem": "739",
  "org.apache.hadoop.fs.viewfs.ViewFs#<init>": "1058",
  "org.apache.hadoop.fs.viewfs.ViewFs$1#<init>": "672",
  "org.apache.hadoop.fs.viewfs.ViewFs$1#getTargetFileSystem": "41",
  "org.apache.hadoop.fs.viewfs.ViewFsBaseTest#setUp": "336",
  "org.apache.hadoop.fs.viewfs.ViewFsBaseTest#testListLocatedStatus": "1218",
  "org.apache.hadoop.fs.viewfs.ViewFsBaseTest#testListStatusIterator": "500",
  "org.apache.hadoop.fs.viewfs.ViewFsBaseTest#testOwnerForInternalDir": "717",
  "org.apache.hadoop.fs.viewfs.ViewFsBaseTest#testRenameAcrossMounts3": "376",
  "org.apache.hadoop.fs.viewfs.ViewFsBaseTest#testRenameAcrossMounts4": "1152",
  "org.apache.hadoop.fs.viewfs.ViewFsBaseTest$1#run": "1126",
  "org.apache.hadoop.fs.viewfs.ViewFsTestSetup#setupForViewFsLocalFs": "818",
  "org.apache.hadoop.fs.viewfs.ViewFsTestSetup#tearDownForViewFsLocalFs": "404",
  "org.apache.hadoop.ha.ActiveStandbyElector#becomeActive": "845",
  "org.apache.hadoop.ha.ActiveStandbyElector#becomeStandby": "237",
  "org.apache.hadoop.ha.ActiveStandbyElector#fenceOldActive": "287",
  "org.apache.hadoop.ha.ActiveStandbyElector#processResult": "1047",
  "org.apache.hadoop.ha.DummyHAService#<init>": "556",
  "org.apache.hadoop.ha.DummyHAService#getHealthMonitorProxy": "431",
  "org.apache.hadoop.ha.DummyHAService#makeHealthMonitorMock": "1060",
  "org.apache.hadoop.ha.DummyHAService#makeMock": "532",
  "org.apache.hadoop.ha.DummyHAService#startAndGetRPCServerAddress": "788",
  "org.apache.hadoop.ha.FailoverController#<init>": "116",
  "org.apache.hadoop.ha.FailoverController#getGracefulFenceTimeout": "849",
  "org.apache.hadoop.ha.FailoverController#getRpcTimeoutToNewActive": "1151",
  "org.apache.hadoop.ha.HAAdmin#setConf": "45",
  "org.apache.hadoop.ha.HAServiceTarget#getHealthMonitorProxy": "930",
  "org.apache.hadoop.ha.HAServiceTarget#getProxy": "284",
  "org.apache.hadoop.ha.HAServiceTarget#getProxyForAddress": "881",
  "org.apache.hadoop.ha.HealthMonitor#<init>": "180",
  "org.apache.hadoop.ha.HealthMonitor#access$500": "485",
  "org.apache.hadoop.ha.HealthMonitor#access$600": "777",
  "org.apache.hadoop.ha.HealthMonitor#createProxy": "1124",
  "org.apache.hadoop.ha.HealthMonitor#doHealthChecks": "332",
  "org.apache.hadoop.ha.HealthMonitor#loopUntilConnected": "1205",
  "org.apache.hadoop.ha.HealthMonitor#tryConnect": "822",
  "org.apache.hadoop.ha.HealthMonitor$MonitorDaemon#run": "574",
  "org.apache.hadoop.ha.MiniZKFCCluster#start": "311",
  "org.apache.hadoop.ha.MiniZKFCCluster$DummyZKFC#initRPC": "1180",
  "org.apache.hadoop.ha.MiniZKFCCluster$DummyZKFCThread#doWork": "1028",
  "org.apache.hadoop.ha.NodeFencer#fence": "760",
  "org.apache.hadoop.ha.SshFenceByTcpPort#createSession": "839",
  "org.apache.hadoop.ha.SshFenceByTcpPort#getKeyFiles": "922",
  "org.apache.hadoop.ha.SshFenceByTcpPort#getSshConnectTimeout": "498",
  "org.apache.hadoop.ha.SshFenceByTcpPort#tryFence": "305",
  "org.apache.hadoop.ha.TestFailoverController#doFailover": "249",
  "org.apache.hadoop.ha.TestHAAdmin#setup": "614",
  "org.apache.hadoop.ha.TestHealthMonitor#createDummyHAService": "689",
  "org.apache.hadoop.ha.TestHealthMonitor#setupHM": "325",
  "org.apache.hadoop.ha.TestHealthMonitor$1#<init>": "583",
  "org.apache.hadoop.ha.TestHealthMonitor$1#createProxy": "408",
  "org.apache.hadoop.ha.TestHealthMonitorWithDedicatedHealthAddress#createDummyHAService": "1197",
  "org.apache.hadoop.ha.TestZKFailoverController#runFC": "916",
  "org.apache.hadoop.ha.ZKFCRpcServer#<init>": "581",
  "org.apache.hadoop.ha.ZKFCRpcServer#cedeActive": "401",
  "org.apache.hadoop.ha.ZKFCRpcServer#gracefulFailover": "928",
  "org.apache.hadoop.ha.ZKFailoverController#access$000": "1029",
  "org.apache.hadoop.ha.ZKFailoverController#access$1000": "481",
  "org.apache.hadoop.ha.ZKFailoverController#access$1100": "149",
  "org.apache.hadoop.ha.ZKFailoverController#access$300": "885",
  "org.apache.hadoop.ha.ZKFailoverController#access$400": "876",
  "org.apache.hadoop.ha.ZKFailoverController#access$900": "126",
  "org.apache.hadoop.ha.ZKFailoverController#becomeActive": "1085",
  "org.apache.hadoop.ha.ZKFailoverController#becomeStandby": "319",
  "org.apache.hadoop.ha.ZKFailoverController#cedeActive": "733",
  "org.apache.hadoop.ha.ZKFailoverController#doCedeActive": "34",
  "org.apache.hadoop.ha.ZKFailoverController#doFence": "300",
  "org.apache.hadoop.ha.ZKFailoverController#doGracefulFailover": "488",
  "org.apache.hadoop.ha.ZKFailoverController#doRun": "355",
  "org.apache.hadoop.ha.ZKFailoverController#fenceOldActive": "949",
  "org.apache.hadoop.ha.ZKFailoverController#getParentZnode": "364",
  "org.apache.hadoop.ha.ZKFailoverController#gracefulFailoverToYou": "555",
  "org.apache.hadoop.ha.ZKFailoverController#initHM": "486",
  "org.apache.hadoop.ha.ZKFailoverController#initRPC": "22",
  "org.apache.hadoop.ha.ZKFailoverController#initZK": "997",
  "org.apache.hadoop.ha.ZKFailoverController#run": "542",
  "org.apache.hadoop.ha.ZKFailoverController$1#run": "158",
  "org.apache.hadoop.ha.ZKFailoverController$2#run": "363",
  "org.apache.hadoop.ha.ZKFailoverController$3#run": "1206",
  "org.apache.hadoop.ha.ZKFailoverController$ElectorCallbacks#becomeActive": "315",
  "org.apache.hadoop.ha.ZKFailoverController$ElectorCallbacks#becomeStandby": "191",
  "org.apache.hadoop.ha.ZKFailoverController$ElectorCallbacks#fenceOldActive": "142",
  "org.apache.hadoop.ha.protocolPB.HAServiceProtocolClientSideTranslatorPB#<init>": "105",
  "org.apache.hadoop.ha.protocolPB.HAServiceProtocolClientSideTranslatorPB#getServiceStatus": "169",
  "org.apache.hadoop.ha.protocolPB.HAServiceProtocolClientSideTranslatorPB$$EnhancerByMockitoWithCGLIB$$3737a332#CGLIB$getServiceStatus$0": "454",
  "org.apache.hadoop.ha.protocolPB.HAServiceProtocolClientSideTranslatorPB$$EnhancerByMockitoWithCGLIB$$3737a332#getServiceStatus": "330",
  "org.apache.hadoop.ha.protocolPB.HAServiceProtocolClientSideTranslatorPB$$EnhancerByMockitoWithCGLIB$$3737a332$$FastClassByMockitoWithCGLIB$$26ea7c95#invoke": "489",
  "org.apache.hadoop.ha.protocolPB.HAServiceProtocolClientSideTranslatorPB$$EnhancerByMockitoWithCGLIB$$6af7fc20#CGLIB$getServiceStatus$0": "1072",
  "org.apache.hadoop.ha.protocolPB.HAServiceProtocolClientSideTranslatorPB$$EnhancerByMockitoWithCGLIB$$6af7fc20#getServiceStatus": "1231",
  "org.apache.hadoop.ha.protocolPB.HAServiceProtocolClientSideTranslatorPB$$EnhancerByMockitoWithCGLIB$$6af7fc20$$FastClassByMockitoWithCGLIB$$635ddd73#invoke": "474",
  "org.apache.hadoop.http.AdminAuthorizedServlet#doGet": "831",
  "org.apache.hadoop.http.HttpServer2#<init>": "767",
  "org.apache.hadoop.http.HttpServer2#addDefaultApps": "751",
  "org.apache.hadoop.http.HttpServer2#constructSecretProvider": "607",
  "org.apache.hadoop.http.HttpServer2#getFilterInitializers": "429",
  "org.apache.hadoop.http.HttpServer2#getFilterProperties": "1182",
  "org.apache.hadoop.http.HttpServer2#hasAdministratorAccess": "1175",
  "org.apache.hadoop.http.HttpServer2#initializeWebServer": "1135",
  "org.apache.hadoop.http.HttpServer2#isInstrumentationAccessAllowed": "427",
  "org.apache.hadoop.http.HttpServer2#isStaticUserAndNoneAuthType": "1158",
  "org.apache.hadoop.http.HttpServer2#userHasAdministratorAccess": "290",
  "org.apache.hadoop.http.HttpServer2$Builder#build": "1109",
  "org.apache.hadoop.http.HttpServer2$QuotingInputFilter#doFilter": "1040",
  "org.apache.hadoop.http.HttpServer2$StackServlet#doGet": "780",
  "org.apache.hadoop.http.HttpServerFunctionalTest#createAndStartTestServer": "214",
  "org.apache.hadoop.http.HttpServerFunctionalTest#createServer": "1194",
  "org.apache.hadoop.http.HttpServerFunctionalTest#createTestServer": "182",
  "org.apache.hadoop.http.NoCacheFilter#doFilter": "204",
  "org.apache.hadoop.http.TestAuthenticationSessionCookie#startServer": "932",
  "org.apache.hadoop.http.TestGlobalFilter$RecordingFilter#doFilter": "74",
  "org.apache.hadoop.http.TestHttpCookieFlag#setUp": "64",
  "org.apache.hadoop.http.TestHttpServer#checkBindAddress": "1223",
  "org.apache.hadoop.http.TestHttpServer#setup": "989",
  "org.apache.hadoop.http.TestHttpServer#validateXFrameOption": "805",
  "org.apache.hadoop.http.TestHttpServer$DummyServletFilter#doFilter": "278",
  "org.apache.hadoop.http.TestSSLHttpServer#setup": "538",
  "org.apache.hadoop.http.TestServletFilter$SimpleFilter#doFilter": "764",
  "org.apache.hadoop.http.lib.StaticUserWebFilter#getUsernameFromConf": "548",
  "org.apache.hadoop.http.lib.StaticUserWebFilter#initFilter": "588",
  "org.apache.hadoop.http.lib.StaticUserWebFilter$StaticUserFilter#doFilter": "1160",
  "org.apache.hadoop.io.ArrayFile$Reader#<init>": "497",
  "org.apache.hadoop.io.ArrayFile$Writer#<init>": "967",
  "org.apache.hadoop.io.BloomMapFile$Reader#<init>": "1049",
  "org.apache.hadoop.io.BloomMapFile$Reader#initBloomFilter": "797",
  "org.apache.hadoop.io.BloomMapFile$Writer#<init>": "1098",
  "org.apache.hadoop.io.BloomMapFile$Writer#close": "125",
  "org.apache.hadoop.io.BloomMapFile$Writer#initBloomFilter": "864",
  "org.apache.hadoop.io.DefaultStringifier#<init>": "793",
  "org.apache.hadoop.io.DefaultStringifier#load": "1192",
  "org.apache.hadoop.io.DefaultStringifier#loadArray": "539",
  "org.apache.hadoop.io.DefaultStringifier#store": "620",
  "org.apache.hadoop.io.DefaultStringifier#storeArray": "269",
  "org.apache.hadoop.io.IOUtils#cleanup": "1237",
  "org.apache.hadoop.io.IOUtils#copyBytes": "329",
  "org.apache.hadoop.io.MapFile#main": "704",
  "org.apache.hadoop.io.MapFile$Merger#merge": "596",
  "org.apache.hadoop.io.MapFile$Merger#open": "60",
  "org.apache.hadoop.io.MapFile$Reader#<init>": "194",
  "org.apache.hadoop.io.MapFile$Reader#createDataFileReader": "373",
  "org.apache.hadoop.io.MapFile$Reader#open": "441",
  "org.apache.hadoop.io.MapFile$Writer#<init>": "1074",
  "org.apache.hadoop.io.SecureIOUtils#<clinit>": "779",
  "org.apache.hadoop.io.SecureIOUtils#openFSDataInputStream": "1099",
  "org.apache.hadoop.io.SequenceFile#access$100": "425",
  "org.apache.hadoop.io.SequenceFile#createWriter": "633",
  "org.apache.hadoop.io.SequenceFile#getBufferSize": "747",
  "org.apache.hadoop.io.SequenceFile$BlockCompressWriter#<init>": "18",
  "org.apache.hadoop.io.SequenceFile$Reader#<init>": "859",
  "org.apache.hadoop.io.SequenceFile$Reader#init": "49",
  "org.apache.hadoop.io.SequenceFile$Reader#initialize": "478",
  "org.apache.hadoop.io.SequenceFile$Reader#openFile": "947",
  "org.apache.hadoop.io.SequenceFile$RecordCompressWriter#<init>": "823",
  "org.apache.hadoop.io.SequenceFile$Sorter#cloneFileAttributes": "1228",
  "org.apache.hadoop.io.SequenceFile$Sorter#merge": "1039",
  "org.apache.hadoop.io.SequenceFile$Sorter#mergePass": "592",
  "org.apache.hadoop.io.SequenceFile$Sorter#sort": "462",
  "org.apache.hadoop.io.SequenceFile$Sorter#sortPass": "877",
  "org.apache.hadoop.io.SequenceFile$Sorter$MergeQueue#merge": "118",
  "org.apache.hadoop.io.SequenceFile$Sorter$SegmentContainer#<init>": "197",
  "org.apache.hadoop.io.SequenceFile$Sorter$SegmentDescriptor#nextRawKey": "432",
  "org.apache.hadoop.io.SequenceFile$Sorter$SortPass#flush": "819",
  "org.apache.hadoop.io.SequenceFile$Sorter$SortPass#run": "1127",
  "org.apache.hadoop.io.SequenceFile$Writer#<init>": "573",
  "org.apache.hadoop.io.SequenceFile$Writer#init": "1244",
  "org.apache.hadoop.io.SetFile$Reader#<init>": "755",
  "org.apache.hadoop.io.SetFile$Writer#<init>": "1186",
  "org.apache.hadoop.io.TestArrayFile#readTest": "906",
  "org.apache.hadoop.io.TestArrayFile#writeTest": "888",
  "org.apache.hadoop.io.TestBloomMapFile#checkMembershipVaryingSizedKeys": "512",
  "org.apache.hadoop.io.TestBloomMapFile#setUp": "1067",
  "org.apache.hadoop.io.TestMapFile#createReader": "243",
  "org.apache.hadoop.io.TestMapFile#createWriter": "247",
  "org.apache.hadoop.io.TestMapFile#setup": "721",
  "org.apache.hadoop.io.TestSecureIOUtils#makeTestFile": "655",
  "org.apache.hadoop.io.TestSequenceFile#checkSort": "310",
  "org.apache.hadoop.io.TestSequenceFile#compressedSeqFileTest": "796",
  "org.apache.hadoop.io.TestSequenceFile#mergeTest": "236",
  "org.apache.hadoop.io.TestSequenceFile#readMetadata": "200",
  "org.apache.hadoop.io.TestSequenceFile#readTest": "576",
  "org.apache.hadoop.io.TestSequenceFile#sortMetadataTest": "547",
  "org.apache.hadoop.io.TestSequenceFile#sortTest": "902",
  "org.apache.hadoop.io.TestSequenceFile#writeMetadataTest": "260",
  "org.apache.hadoop.io.TestSequenceFile#writeTest": "1024",
  "org.apache.hadoop.io.TestSequenceFile$1#<init>": "471",
  "org.apache.hadoop.io.TestSequenceFile$1#openFile": "331",
  "org.apache.hadoop.io.TestSequenceFileAppend#setUp": "920",
  "org.apache.hadoop.io.TestSequenceFileAppend#verify2Values": "447",
  "org.apache.hadoop.io.TestSequenceFileAppend#verifyAll4Values": "958",
  "org.apache.hadoop.io.TestSequenceFileSerialization#setUp": "863",
  "org.apache.hadoop.io.TestSetFile#createReader": "825",
  "org.apache.hadoop.io.TestSetFile#readTest": "1032",
  "org.apache.hadoop.io.TestSetFile#writeData": "353",
  "org.apache.hadoop.io.TestSetFile#writeTest": "95",
  "org.apache.hadoop.io.compress.BZip2Codec#createCompressor": "652",
  "org.apache.hadoop.io.compress.BZip2Codec#createDecompressor": "527",
  "org.apache.hadoop.io.compress.BZip2Codec#createInputStream": "957",
  "org.apache.hadoop.io.compress.BZip2Codec#createOutputStream": "403",
  "org.apache.hadoop.io.compress.BZip2Codec#getCompressorType": "549",
  "org.apache.hadoop.io.compress.BZip2Codec#getDecompressorType": "121",
  "org.apache.hadoop.io.compress.CodecPool#getCompressor": "1082",
  "org.apache.hadoop.io.compress.CodecPool#getDecompressor": "896",
  "org.apache.hadoop.io.compress.CodecPool#getLeasedCompressorsCount": "525",
  "org.apache.hadoop.io.compress.CodecPool#getLeasedDecompressorsCount": "253",
  "org.apache.hadoop.io.compress.CompressionCodec$Util#createInputStreamWithCodecPool": "604",
  "org.apache.hadoop.io.compress.CompressionCodec$Util#createOutputStreamWithCodecPool": "1227",
  "org.apache.hadoop.io.compress.CompressionCodecFactory#<init>": "1097",
  "org.apache.hadoop.io.compress.CompressionCodecFactory#getCodecClasses": "466",
  "org.apache.hadoop.io.compress.DefaultCodec#createInputStream": "280",
  "org.apache.hadoop.io.compress.DefaultCodec#createOutputStream": "436",
  "org.apache.hadoop.io.compress.GzipCodec#createInputStream": "682",
  "org.apache.hadoop.io.compress.TestCodec#GzipConcatTest": "375",
  "org.apache.hadoop.io.compress.TestCodec#codecTest": "807",
  "org.apache.hadoop.io.compress.TestCodec#codecTestWithNOCompression": "519",
  "org.apache.hadoop.io.compress.TestCodec#gzipReinitTest": "54",
  "org.apache.hadoop.io.compress.TestCodec#sequenceFileCodecTest": "923",
  "org.apache.hadoop.io.compress.TestCodec#testGzipCodecWrite": "473",
  "org.apache.hadoop.io.compress.TestCodec#testSplitableCodec": "428",
  "org.apache.hadoop.io.compress.TestCodec#writeSplitTestFile": "55",
  "org.apache.hadoop.io.compress.TestCodecFactory#setClasses": "81",
  "org.apache.hadoop.io.compress.TestCompressionStreamReuse#resetStateTest": "709",
  "org.apache.hadoop.io.compress.bzip2.Bzip2Factory#getBzip2Compressor": "16",
  "org.apache.hadoop.io.compress.bzip2.Bzip2Factory#getBzip2CompressorType": "369",
  "org.apache.hadoop.io.compress.bzip2.Bzip2Factory#getBzip2Decompressor": "177",
  "org.apache.hadoop.io.compress.bzip2.Bzip2Factory#getBzip2DecompressorType": "382",
  "org.apache.hadoop.io.compress.bzip2.Bzip2Factory#isNativeBzip2Loaded": "450",
  "org.apache.hadoop.io.compress.bzip2.TestBzip2CompressorDecompressor#before": "128",
  "org.apache.hadoop.io.file.tfile.BCFile$Reader#<init>": "71",
  "org.apache.hadoop.io.file.tfile.BCFile$Reader#createReader": "640",
  "org.apache.hadoop.io.file.tfile.BCFile$Reader#getDataBlock": "449",
  "org.apache.hadoop.io.file.tfile.BCFile$Reader#getMetaBlock": "491",
  "org.apache.hadoop.io.file.tfile.BCFile$Reader$RBlockState#<init>": "905",
  "org.apache.hadoop.io.file.tfile.BCFile$Writer#close": "714",
  "org.apache.hadoop.io.file.tfile.BCFile$Writer#prepareDataBlock": "569",
  "org.apache.hadoop.io.file.tfile.BCFile$Writer#prepareMetaBlock": "1221",
  "org.apache.hadoop.io.file.tfile.BCFile$Writer$WBlockState#<init>": "566",
  "org.apache.hadoop.io.file.tfile.Compression$Algorithm$2#createCompressionStream": "1187",
  "org.apache.hadoop.io.file.tfile.Compression$Algorithm$2#createDecompressionStream": "297",
  "org.apache.hadoop.io.file.tfile.TFile#getChunkBufferSize": "1168",
  "org.apache.hadoop.io.file.tfile.TFile#getFSInputBufferSize": "1199",
  "org.apache.hadoop.io.file.tfile.TFile#getFSOutputBufferSize": "1078",
  "org.apache.hadoop.io.file.tfile.TFile$Reader#<init>": "635",
  "org.apache.hadoop.io.file.tfile.TFile$Reader#checkTFileDataIndex": "396",
  "org.apache.hadoop.io.file.tfile.TFile$Reader#createScanner": "256",
  "org.apache.hadoop.io.file.tfile.TFile$Reader#createScannerByByteRange": "453",
  "org.apache.hadoop.io.file.tfile.TFile$Reader#createScannerByKey": "960",
  "org.apache.hadoop.io.file.tfile.TFile$Reader#createScannerByRecordNum": "109",
  "org.apache.hadoop.io.file.tfile.TFile$Reader#getBlockContainsKey": "662",
  "org.apache.hadoop.io.file.tfile.TFile$Reader#getBlockReader": "681",
  "org.apache.hadoop.io.file.tfile.TFile$Reader#getFirstKey": "862",
  "org.apache.hadoop.io.file.tfile.TFile$Reader#getLocationByRecordNum": "57",
  "org.apache.hadoop.io.file.tfile.TFile$Reader#getMetaBlock": "307",
  "org.apache.hadoop.io.file.tfile.TFile$Reader#getRecordNumByLocation": "918",
  "org.apache.hadoop.io.file.tfile.TFile$Reader#getRecordNumNear": "641",
  "org.apache.hadoop.io.file.tfile.TFile$Reader$Scanner#<init>": "665",
  "org.apache.hadoop.io.file.tfile.TFile$Reader$Scanner#advance": "508",
  "org.apache.hadoop.io.file.tfile.TFile$Reader$Scanner#initBlock": "101",
  "org.apache.hadoop.io.file.tfile.TFile$Reader$Scanner#lowerBound": "1100",
  "org.apache.hadoop.io.file.tfile.TFile$Reader$Scanner#seekTo": "110",
  "org.apache.hadoop.io.file.tfile.TFile$Reader$Scanner#upperBound": "1111",
  "org.apache.hadoop.io.file.tfile.TFile$Writer#append": "73",
  "org.apache.hadoop.io.file.tfile.TFile$Writer#close": "577",
  "org.apache.hadoop.io.file.tfile.TFile$Writer#initDataBlock": "437",
  "org.apache.hadoop.io.file.tfile.TFile$Writer#prepareAppendKey": "637",
  "org.apache.hadoop.io.file.tfile.TFile$Writer#prepareAppendValue": "254",
  "org.apache.hadoop.io.file.tfile.TFile$Writer#prepareMetaBlock": "8",
  "org.apache.hadoop.io.file.tfile.TestTFile#basicWithSomeCodec": "165",
  "org.apache.hadoop.io.file.tfile.TestTFile#createFSOutput": "787",
  "org.apache.hadoop.io.file.tfile.TestTFile#readAllRecords": "469",
  "org.apache.hadoop.io.file.tfile.TestTFile#readAndCheckbytes": "434",
  "org.apache.hadoop.io.file.tfile.TestTFile#readLargeRecords": "725",
  "org.apache.hadoop.io.file.tfile.TestTFile#readNumMetablocks": "76",
  "org.apache.hadoop.io.file.tfile.TestTFile#readPrepWithKnownLength": "245",
  "org.apache.hadoop.io.file.tfile.TestTFile#setUp": "879",
  "org.apache.hadoop.io.file.tfile.TestTFile#someReadingWithMetaBlock": "1063",
  "org.apache.hadoop.io.file.tfile.TestTFile#someTestingWithMetaBlock": "228",
  "org.apache.hadoop.io.file.tfile.TestTFile#unsortedWithSomeCodec": "1133",
  "org.apache.hadoop.io.file.tfile.TestTFile#writeEmptyRecords": "314",
  "org.apache.hadoop.io.file.tfile.TestTFile#writeLargeRecords": "899",
  "org.apache.hadoop.io.file.tfile.TestTFile#writeNumMetablocks": "612",
  "org.apache.hadoop.io.file.tfile.TestTFile#writePrepWithKnownLength": "360",
  "org.apache.hadoop.io.file.tfile.TestTFile#writePrepWithUnkownLength": "318",
  "org.apache.hadoop.io.file.tfile.TestTFile#writeRecords": "232",
  "org.apache.hadoop.io.file.tfile.TestTFile#writeSomeRecords": "1043",
  "org.apache.hadoop.io.file.tfile.TestTFileByteArrays#checkBlockIndex": "719",
  "org.apache.hadoop.io.file.tfile.TestTFileByteArrays#closeOutput": "598",
  "org.apache.hadoop.io.file.tfile.TestTFileByteArrays#locate": "480",
  "org.apache.hadoop.io.file.tfile.TestTFileByteArrays#readKeyManyTimes": "266",
  "org.apache.hadoop.io.file.tfile.TestTFileByteArrays#readKeyWithoutValue": "750",
  "org.apache.hadoop.io.file.tfile.TestTFileByteArrays#readRecords": "563",
  "org.apache.hadoop.io.file.tfile.TestTFileByteArrays#readValueBeforeKey": "791",
  "org.apache.hadoop.io.file.tfile.TestTFileByteArrays#readValueWithoutKey": "384",
  "org.apache.hadoop.io.file.tfile.TestTFileByteArrays#setUp": "1198",
  "org.apache.hadoop.io.file.tfile.TestTFileByteArrays#testFailureBadCompressionCodec": "1001",
  "org.apache.hadoop.io.file.tfile.TestTFileByteArrays#testFailureCompressionNotWorking": "600",
  "org.apache.hadoop.io.file.tfile.TestTFileByteArrays#testFailureFileWriteNotAt0Position": "155",
  "org.apache.hadoop.io.file.tfile.TestTFileByteArrays#testFailureGetNonExistentMetaBlock": "218",
  "org.apache.hadoop.io.file.tfile.TestTFileByteArrays#testFailureKeyLongerThan64K": "821",
  "org.apache.hadoop.io.file.tfile.TestTFileByteArrays#testFailureNegativeLength": "151",
  "org.apache.hadoop.io.file.tfile.TestTFileByteArrays#testFailureNegativeLength_2": "982",
  "org.apache.hadoop.io.file.tfile.TestTFileByteArrays#testFailureNegativeLength_3": "943",
  "org.apache.hadoop.io.file.tfile.TestTFileByteArrays#testFailureNegativeOffset": "448",
  "org.apache.hadoop.io.file.tfile.TestTFileByteArrays#testFailureNegativeOffset_2": "345",
  "org.apache.hadoop.io.file.tfile.TestTFileByteArrays#testFailureOpenEmptyFile": "892",
  "org.apache.hadoop.io.file.tfile.TestTFileByteArrays#testFailureOpenRandomFile": "1088",
  "org.apache.hadoop.io.file.tfile.TestTFileByteArrays#testFailureOutOfOrderKeys": "694",
  "org.apache.hadoop.io.file.tfile.TestTFileByteArrays#testFailureReadValueManyTimes": "727",
  "org.apache.hadoop.io.file.tfile.TestTFileByteArrays#testFailureWriteMetaBlocksWithSameName": "1080",
  "org.apache.hadoop.io.file.tfile.TestTFileByteArrays#testFailureWriteRecordAfterMetaBlock": "536",
  "org.apache.hadoop.io.file.tfile.TestTFileByteArrays#testFailureWriterNotClosed": "257",
  "org.apache.hadoop.io.file.tfile.TestTFileByteArrays#testLocate": "880",
  "org.apache.hadoop.io.file.tfile.TestTFileByteArrays#testNoDataEntry": "1069",
  "org.apache.hadoop.io.file.tfile.TestTFileByteArrays#testOneBlock": "782",
  "org.apache.hadoop.io.file.tfile.TestTFileByteArrays#testOneBlockPlusOneEntry": "737",
  "org.apache.hadoop.io.file.tfile.TestTFileByteArrays#testOneDataEntry": "770",
  "org.apache.hadoop.io.file.tfile.TestTFileByteArrays#testThreeBlocks": "1021",
  "org.apache.hadoop.io.file.tfile.TestTFileByteArrays#testTwoBlocks": "1105",
  "org.apache.hadoop.io.file.tfile.TestTFileByteArrays#testTwoDataEntries": "559",
  "org.apache.hadoop.io.file.tfile.TestTFileByteArrays#writeRecords": "444",
  "org.apache.hadoop.io.file.tfile.TestTFileComparators#setUp": "676",
  "org.apache.hadoop.io.file.tfile.TestTFileJClassComparatorByteArrays#setUp": "599",
  "org.apache.hadoop.io.file.tfile.TestTFileNoneCodecsByteArrays#setUp": "968",
  "org.apache.hadoop.io.file.tfile.TestTFileNoneCodecsJClassComparatorByteArrays#setUp": "586",
  "org.apache.hadoop.io.file.tfile.TestTFileNoneCodecsStreams#setUp": "684",
  "org.apache.hadoop.io.file.tfile.TestTFileSeek#createFSOutput": "1018",
  "org.apache.hadoop.io.file.tfile.TestTFileSeek#createTFile": "424",
  "org.apache.hadoop.io.file.tfile.TestTFileSeek#seekTFile": "1147",
  "org.apache.hadoop.io.file.tfile.TestTFileSeek#setUp": "603",
  "org.apache.hadoop.io.file.tfile.TestTFileSeqFileComparison#compareRun": "985",
  "org.apache.hadoop.io.file.tfile.TestTFileSeqFileComparison#createSeqFile": "1200",
  "org.apache.hadoop.io.file.tfile.TestTFileSeqFileComparison#createTFile": "174",
  "org.apache.hadoop.io.file.tfile.TestTFileSeqFileComparison#readSeqFile": "309",
  "org.apache.hadoop.io.file.tfile.TestTFileSeqFileComparison#readTFile": "945",
  "org.apache.hadoop.io.file.tfile.TestTFileSeqFileComparison#setUp": "350",
  "org.apache.hadoop.io.file.tfile.TestTFileSeqFileComparison#timeRead": "219",
  "org.apache.hadoop.io.file.tfile.TestTFileSeqFileComparison#timeWrite": "699",
  "org.apache.hadoop.io.file.tfile.TestTFileSeqFileComparison$SeqFileAppendable#<init>": "397",
  "org.apache.hadoop.io.file.tfile.TestTFileSeqFileComparison$SeqFileReadable#<init>": "240",
  "org.apache.hadoop.io.file.tfile.TestTFileSeqFileComparison$TFileAppendable#<init>": "874",
  "org.apache.hadoop.io.file.tfile.TestTFileSeqFileComparison$TFileAppendable#append": "911",
  "org.apache.hadoop.io.file.tfile.TestTFileSeqFileComparison$TFileAppendable#close": "645",
  "org.apache.hadoop.io.file.tfile.TestTFileSeqFileComparison$TFileReadable#<init>": "1045",
  "org.apache.hadoop.io.file.tfile.TestTFileSeqFileComparison$TFileReadable#next": "1217",
  "org.apache.hadoop.io.file.tfile.TestTFileSplit#checkRecNums": "393",
  "org.apache.hadoop.io.file.tfile.TestTFileSplit#createFile": "732",
  "org.apache.hadoop.io.file.tfile.TestTFileSplit#readFile": "173",
  "org.apache.hadoop.io.file.tfile.TestTFileSplit#readRowSplits": "578",
  "org.apache.hadoop.io.file.tfile.TestTFileStreams#closeOutput": "339",
  "org.apache.hadoop.io.file.tfile.TestTFileStreams#setUp": "147",
  "org.apache.hadoop.io.file.tfile.TestTFileStreams#tearDown": "935",
  "org.apache.hadoop.io.file.tfile.TestTFileStreams#testFailureAddKeyWithoutValue": "321",
  "org.apache.hadoop.io.file.tfile.TestTFileStreams#testFailureCloseKeyStreamManyTimesInWriter": "827",
  "org.apache.hadoop.io.file.tfile.TestTFileStreams#testFailureCompressionNotWorking": "246",
  "org.apache.hadoop.io.file.tfile.TestTFileStreams#testFailureCompressionNotWorking2": "216",
  "org.apache.hadoop.io.file.tfile.TestTFileStreams#testFailureKeyLongerThan64K": "220",
  "org.apache.hadoop.io.file.tfile.TestTFileStreams#testFailureKeyLongerThan64K_2": "852",
  "org.apache.hadoop.io.file.tfile.TestTFileStreams#testFailureKeyTooLong": "48",
  "org.apache.hadoop.io.file.tfile.TestTFileStreams#testFailureKeyTooShort": "567",
  "org.apache.hadoop.io.file.tfile.TestTFileStreams#testFailureNegativeOffset": "1059",
  "org.apache.hadoop.io.file.tfile.TestTFileStreams#testFailureOneEntryKnownLength": "834",
  "org.apache.hadoop.io.file.tfile.TestTFileStreams#testFailureValueTooLong": "493",
  "org.apache.hadoop.io.file.tfile.TestTFileStreams#testFailureValueTooShort": "1075",
  "org.apache.hadoop.io.file.tfile.TestTFileStreams#testNoEntry": "1181",
  "org.apache.hadoop.io.file.tfile.TestTFileStreams#testOneEntryKnownLength": "671",
  "org.apache.hadoop.io.file.tfile.TestTFileStreams#testOneEntryMixedLengths1": "154",
  "org.apache.hadoop.io.file.tfile.TestTFileStreams#testOneEntryMixedLengths2": "313",
  "org.apache.hadoop.io.file.tfile.TestTFileStreams#testOneEntryUnknownLength": "40",
  "org.apache.hadoop.io.file.tfile.TestTFileStreams#testTwoEntriesKnownLength": "1108",
  "org.apache.hadoop.io.file.tfile.TestTFileStreams#writeRecords": "131",
  "org.apache.hadoop.io.file.tfile.TestTFileUnsortedByteArrays#closeOutput": "784",
  "org.apache.hadoop.io.file.tfile.TestTFileUnsortedByteArrays#setUp": "858",
  "org.apache.hadoop.io.file.tfile.TestVLong#setUp": "1035",
  "org.apache.hadoop.io.file.tfile.TestVLong#verifySixOrMoreBytes": "250",
  "org.apache.hadoop.io.file.tfile.TestVLong#writeAndVerify": "657",
  "org.apache.hadoop.io.retry.RetryInvocationHandler#invoke": "13",
  "org.apache.hadoop.io.retry.RetryInvocationHandler#invokeMethod": "587",
  "org.apache.hadoop.io.retry.RetryInvocationHandler$Call#invoke": "271",
  "org.apache.hadoop.io.retry.RetryInvocationHandler$Call#invokeMethod": "1073",
  "org.apache.hadoop.io.retry.RetryInvocationHandler$Call#invokeOnce": "127",
  "org.apache.hadoop.io.serializer.SerializationFactory#<init>": "293",
  "org.apache.hadoop.io.serializer.SerializationTestUtil#testSerialization": "136",
  "org.apache.hadoop.io.serializer.TestWritableSerialization#testWritableSerialization": "927",
  "org.apache.hadoop.ipc.$Proxy11#getProtocolVersion": "1141",
  "org.apache.hadoop.ipc.$Proxy11#ping": "1241",
  "org.apache.hadoop.ipc.$Proxy12#ping": "630",
  "org.apache.hadoop.ipc.$Proxy13#echo": "211",
  "org.apache.hadoop.ipc.$Proxy7#dummyRun": "461",
  "org.apache.hadoop.ipc.Client#<init>": "38",
  "org.apache.hadoop.ipc.Client#call": "1159",
  "org.apache.hadoop.ipc.Client#getConnection": "526",
  "org.apache.hadoop.ipc.Client#getPingInterval": "900",
  "org.apache.hadoop.ipc.Client#getRpcTimeout": "1220",
  "org.apache.hadoop.ipc.Client#getTimeout": "634",
  "org.apache.hadoop.ipc.Client$Connection#<init>": "925",
  "org.apache.hadoop.ipc.Client$Connection#access$2200": "660",
  "org.apache.hadoop.ipc.Client$Connection#access$3500": "465",
  "org.apache.hadoop.ipc.Client$Connection#setupIOstreams": "113",
  "org.apache.hadoop.ipc.Client$Connection#setupSaslConnection": "406",
  "org.apache.hadoop.ipc.Client$Connection$2#run": "776",
  "org.apache.hadoop.ipc.Client$ConnectionId#<init>": "1234",
  "org.apache.hadoop.ipc.Client$ConnectionId#getConnectionId": "690",
  "org.apache.hadoop.ipc.ClientCache#getClient": "651",
  "org.apache.hadoop.ipc.MiniRPCBenchmark#connectToServer": "1122",
  "org.apache.hadoop.ipc.MiniRPCBenchmark#runMiniBenchmark": "632",
  "org.apache.hadoop.ipc.MiniRPCBenchmark$MiniServer#<init>": "371",
  "org.apache.hadoop.ipc.ProtobufRpcEngine#getProtocolMetaInfoProxy": "134",
  "org.apache.hadoop.ipc.ProtobufRpcEngine#getProxy": "844",
  "org.apache.hadoop.ipc.ProtobufRpcEngine#getServer": "420",
  "org.apache.hadoop.ipc.ProtobufRpcEngine$Invoker#<init>": "890",
  "org.apache.hadoop.ipc.ProtobufRpcEngine$Invoker#invoke": "1121",
  "org.apache.hadoop.ipc.ProtobufRpcEngine$Server#<init>": "980",
  "org.apache.hadoop.ipc.RPC#getProtocolProxy": "869",
  "org.apache.hadoop.ipc.RPC#getProxy": "496",
  "org.apache.hadoop.ipc.RPC#getRpcTimeout": "1125",
  "org.apache.hadoop.ipc.RPC#waitForProtocolProxy": "1213",
  "org.apache.hadoop.ipc.RPC#waitForProxy": "1000",
  "org.apache.hadoop.ipc.RPC$Builder#build": "1201",
  "org.apache.hadoop.ipc.RPC$Server#<init>": "1104",
  "org.apache.hadoop.ipc.RPCCallBenchmark#access$600": "534",
  "org.apache.hadoop.ipc.RPCCallBenchmark#createRpcClient": "675",
  "org.apache.hadoop.ipc.RPCCallBenchmark#run": "1149",
  "org.apache.hadoop.ipc.RPCCallBenchmark#setupClientTestContext": "1016",
  "org.apache.hadoop.ipc.RPCCallBenchmark#startServer": "974",
  "org.apache.hadoop.ipc.RPCCallBenchmark$1#run": "579",
  "org.apache.hadoop.ipc.RPCCallBenchmark$2#doAnAction": "394",
  "org.apache.hadoop.ipc.RPCCallBenchmark$3#doEcho": "942",
  "org.apache.hadoop.ipc.RPCCallBenchmark$4#doEcho": "421",
  "org.apache.hadoop.ipc.RpcClientUtil#getProtocolMetaInfoProxy": "975",
  "org.apache.hadoop.ipc.RpcClientUtil#isMethodSupported": "372",
  "org.apache.hadoop.ipc.Server#<init>": "111",
  "org.apache.hadoop.ipc.Server#getAuthMethods": "93",
  "org.apache.hadoop.ipc.Server$ConnectionManager#<init>": "1089",
  "org.apache.hadoop.ipc.Server$Listener#<init>": "68",
  "org.apache.hadoop.ipc.TestAsyncIPC#internalTestAsyncCall": "143",
  "org.apache.hadoop.ipc.TestAsyncIPC#internalTestAsyncCallLimit": "198",
  "org.apache.hadoop.ipc.TestAsyncIPC$1#<init>": "451",
  "org.apache.hadoop.ipc.TestAsyncIPC$AsyncCaller#run": "748",
  "org.apache.hadoop.ipc.TestAsyncIPC$AsyncLimitlCaller#doCall": "889",
  "org.apache.hadoop.ipc.TestAsyncIPC$AsyncLimitlCaller#run": "707",
  "org.apache.hadoop.ipc.TestAsyncIPC$AsyncLimitlCaller#runCall": "524",
  "org.apache.hadoop.ipc.TestIPC#assertRetriesOnSocketTimeouts": "1123",
  "org.apache.hadoop.ipc.TestIPC#call": "322",
  "org.apache.hadoop.ipc.TestIPC#callAndVerify": "1020",
  "org.apache.hadoop.ipc.TestIPC#checkBlocking": "969",
  "org.apache.hadoop.ipc.TestIPC#checkConnect": "1224",
  "org.apache.hadoop.ipc.TestIPC#checkUserBinding": "1243",
  "org.apache.hadoop.ipc.TestIPC#checkVersionMismatch": "185",
  "org.apache.hadoop.ipc.TestIPC#doErrorTest": "1208",
  "org.apache.hadoop.ipc.TestIPC#doIpcVersionTest": "884",
  "org.apache.hadoop.ipc.TestIPC#getConnectionId": "503",
  "org.apache.hadoop.ipc.TestIPC#internalTestSerial": "1169",
  "org.apache.hadoop.ipc.TestIPC#setupConf": "909",
  "org.apache.hadoop.ipc.TestIPC$14#run": "192",
  "org.apache.hadoop.ipc.TestIPC$2#run": "32",
  "org.apache.hadoop.ipc.TestIPC$6#run": "78",
  "org.apache.hadoop.ipc.TestIPC$8#<init>": "1174",
  "org.apache.hadoop.ipc.TestIPC$SerialCaller#run": "781",
  "org.apache.hadoop.ipc.TestIPC$TestInvalidTokenHandler#invoke": "972",
  "org.apache.hadoop.ipc.TestIPC$TestInvocationHandler#invoke": "687",
  "org.apache.hadoop.ipc.TestIPC$TestServer#<init>": "617",
  "org.apache.hadoop.ipc.TestIPC$TestServerQueue#<init>": "518",
  "org.apache.hadoop.ipc.TestIPCServerResponder#call": "1164",
  "org.apache.hadoop.ipc.TestIPCServerResponder#checkServerResponder": "205",
  "org.apache.hadoop.ipc.TestIPCServerResponder$1#<init>": "413",
  "org.apache.hadoop.ipc.TestIPCServerResponder$2#call": "1155",
  "org.apache.hadoop.ipc.TestIPCServerResponder$3#call": "108",
  "org.apache.hadoop.ipc.TestIPCServerResponder$Caller#run": "487",
  "org.apache.hadoop.ipc.TestIPCServerResponder$TestServer#<init>": "954",
  "org.apache.hadoop.ipc.TestIdentityProviders$FakeSchedulable#getUserGroupInformation": "806",
  "org.apache.hadoop.ipc.TestMultipleProtocolServer#setUp": "546",
  "org.apache.hadoop.ipc.TestProtoBufRpc#getClient2": "981",
  "org.apache.hadoop.ipc.TestProtoBufRpc#setUp": "1173",
  "org.apache.hadoop.ipc.TestProtoBufRpc#testProtoBufRpc": "582",
  "org.apache.hadoop.ipc.TestRPC#setup": "383",
  "org.apache.hadoop.ipc.TestRPC#setupDecayRpcSchedulerandTestServer": "820",
  "org.apache.hadoop.ipc.TestRPC$1#run": "977",
  "org.apache.hadoop.ipc.TestRPC$6#run": "983",
  "org.apache.hadoop.ipc.TestRPC$7#call": "283",
  "org.apache.hadoop.ipc.TestRPC$8#call": "389",
  "org.apache.hadoop.ipc.TestRPC$SlowRPC#ping": "545",
  "org.apache.hadoop.ipc.TestRPC$SlowRPC#run": "210",
  "org.apache.hadoop.ipc.TestRPCCompatibility#testVersion2ClientVersion1Server": "1065",
  "org.apache.hadoop.ipc.TestRPCCompatibility$Version2Client#<init>": "1064",
  "org.apache.hadoop.ipc.TestRPCCompatibility$Version2Client#ping": "602",
  "org.apache.hadoop.ipc.TestRPCServerShutdown#setup": "231",
  "org.apache.hadoop.ipc.TestRPCServerShutdown$1#call": "47",
  "org.apache.hadoop.ipc.TestRPCWaitForProxy$RpcThread#run": "1068",
  "org.apache.hadoop.ipc.TestReuseRpcConnections#setup": "1190",
  "org.apache.hadoop.ipc.TestReuseRpcConnections#verifyRetryPolicyReuseConnections": "541",
  "org.apache.hadoop.ipc.TestRpcBase#getClient": "333",
  "org.apache.hadoop.ipc.TestRpcBase#setupConf": "234",
  "org.apache.hadoop.ipc.TestRpcBase#setupTestServer": "72",
  "org.apache.hadoop.ipc.TestSaslRPC#<clinit>": "830",
  "org.apache.hadoop.ipc.TestServer$1#<init>": "25",
  "org.apache.hadoop.ipc.UserIdentityProvider#makeIdentity": "137",
  "org.apache.hadoop.ipc.WritableRpcEngine#getProxy": "1037",
  "org.apache.hadoop.ipc.WritableRpcEngine#getServer": "483",
  "org.apache.hadoop.ipc.WritableRpcEngine$Invoker#<init>": "713",
  "org.apache.hadoop.ipc.WritableRpcEngine$Invoker#invoke": "349",
  "org.apache.hadoop.ipc.WritableRpcEngine$Server#<init>": "570",
  "org.apache.hadoop.ipc.metrics.RpcMetrics#<init>": "120",
  "org.apache.hadoop.ipc.metrics.RpcMetrics#create": "591",
  "org.apache.hadoop.jmx.JMXJsonServlet#doGet": "736",
  "org.apache.hadoop.jmx.JMXJsonServlet#isInstrumentationAccessAllowed": "638",
  "org.apache.hadoop.jmx.TestJMXJsonServlet#setup": "1188",
  "org.apache.hadoop.log.LogLevel$Servlet#doGet": "517",
  "org.apache.hadoop.metrics.MetricsServlet#doGet": "477",
  "org.apache.hadoop.net.AbstractDNSToSwitchMapping#dumpTopology": "117",
  "org.apache.hadoop.net.AbstractDNSToSwitchMapping#isMappingSingleSwitch": "510",
  "org.apache.hadoop.net.AbstractDNSToSwitchMapping#isSingleSwitchByScriptPolicy": "98",
  "org.apache.hadoop.net.CachedDNSToSwitchMapping#isSingleSwitch": "455",
  "org.apache.hadoop.net.CachedDNSToSwitchMapping#resolve": "90",
  "org.apache.hadoop.net.CachedDNSToSwitchMapping#toString": "303",
  "org.apache.hadoop.net.NetUtils#createSocketAddr": "187",
  "org.apache.hadoop.net.NetUtils#createSocketAddrForHost": "380",
  "org.apache.hadoop.net.NetUtils#getDefaultSocketFactory": "20",
  "org.apache.hadoop.net.ScriptBasedMapping#<init>": "356",
  "org.apache.hadoop.net.ScriptBasedMapping#setConf": "558",
  "org.apache.hadoop.net.ScriptBasedMapping$RawScriptBasedMapping#setConf": "505",
  "org.apache.hadoop.net.ScriptBasedMappingWithDependency#setConf": "565",
  "org.apache.hadoop.net.ScriptBasedMappingWithDependency$RawScriptBasedMappingWithDependency#setConf": "159",
  "org.apache.hadoop.net.StaticMapping#isSingleSwitch": "789",
  "org.apache.hadoop.net.StaticMapping#toString": "696",
  "org.apache.hadoop.net.TableMapping#reloadCachedMappings": "43",
  "org.apache.hadoop.net.TableMapping$RawTableMapping#load": "720",
  "org.apache.hadoop.net.TableMapping$RawTableMapping#reloadCachedMappings": "615",
  "org.apache.hadoop.net.TableMapping$RawTableMapping#resolve": "585",
  "org.apache.hadoop.net.TestNetUtils#doSocketReadTimeoutTest": "415",
  "org.apache.hadoop.net.TestNetUtils#setupResolver": "1148",
  "org.apache.hadoop.net.TestScriptBasedMapping#createMapping": "1120",
  "org.apache.hadoop.net.TestScriptBasedMapping#testNoFilenameMeansSingleSwitch": "225",
  "org.apache.hadoop.net.TestScriptBasedMappingWithDependency#createMapping": "644",
  "org.apache.hadoop.net.TestScriptBasedMappingWithDependency#testNoFilenameMeansSingleSwitch": "759",
  "org.apache.hadoop.net.TestStaticMapping#assertMapSize": "840",
  "org.apache.hadoop.net.TestStaticMapping#assertMultiSwitch": "1129",
  "org.apache.hadoop.net.TestStaticMapping#assertSingleSwitch": "288",
  "org.apache.hadoop.net.TestStaticMapping#testCachingRelaysResolveQueries": "1157",
  "org.apache.hadoop.net.TestSwitchMapping#testCachingRelaysStringOperations": "915",
  "org.apache.hadoop.net.TestSwitchMapping#testCachingRelaysStringOperationsToNullScript": "1225",
  "org.apache.hadoop.security.AuthenticationFilterInitializer#getFilterConfigMap": "1093",
  "org.apache.hadoop.security.AuthenticationFilterInitializer#initFilter": "217",
  "org.apache.hadoop.security.CompositeGroupsMapping#loadMappingProviders": "933",
  "org.apache.hadoop.security.CompositeGroupsMapping#setConf": "757",
  "org.apache.hadoop.security.Credentials#readTokenStorageFile": "103",
  "org.apache.hadoop.security.Credentials#writeTokenStorageFile": "934",
  "org.apache.hadoop.security.Groups#<init>": "575",
  "org.apache.hadoop.security.Groups#getUserToGroupsMappingService": "838",
  "org.apache.hadoop.security.Groups#parseStaticMapping": "659",
  "org.apache.hadoop.security.HadoopKerberosName#setConfiguration": "754",
  "org.apache.hadoop.security.KDiag#exec": "199",
  "org.apache.hadoop.security.KDiag#execute": "242",
  "org.apache.hadoop.security.KDiag#isSimpleAuthentication": "701",
  "org.apache.hadoop.security.KDiag#printConfOpt": "971",
  "org.apache.hadoop.security.KDiag#run": "366",
  "org.apache.hadoop.security.KDiag#validateKinitExecutable": "178",
  "org.apache.hadoop.security.KDiag#validateSasl": "276",
  "org.apache.hadoop.security.LdapGroupsMapping#doGetGroups": "1203",
  "org.apache.hadoop.security.LdapGroupsMapping#getDirContext": "344",
  "org.apache.hadoop.security.LdapGroupsMapping#getPassword": "27",
  "org.apache.hadoop.security.LdapGroupsMapping#setConf": "123",
  "org.apache.hadoop.security.LdapGroupsMapping$$EnhancerByMockitoWithCGLIB$$121bb3d9#CGLIB$setConf$0": "386",
  "org.apache.hadoop.security.LdapGroupsMapping$$EnhancerByMockitoWithCGLIB$$121bb3d9#setConf": "1163",
  "org.apache.hadoop.security.LdapGroupsMapping$$EnhancerByMockitoWithCGLIB$$121bb3d9$$FastClassByMockitoWithCGLIB$$8f93b08c#invoke": "509",
  "org.apache.hadoop.security.LdapGroupsMapping$$EnhancerByMockitoWithCGLIB$$68f32a89#CGLIB$setConf$0": "35",
  "org.apache.hadoop.security.LdapGroupsMapping$$EnhancerByMockitoWithCGLIB$$68f32a89#setConf": "248",
  "org.apache.hadoop.security.LdapGroupsMapping$$EnhancerByMockitoWithCGLIB$$68f32a89$$FastClassByMockitoWithCGLIB$$2c245233#invoke": "695",
  "org.apache.hadoop.security.NetUtilsTestResolver#install": "400",
  "org.apache.hadoop.security.SaslPropertiesResolver#getInstance": "452",
  "org.apache.hadoop.security.SaslPropertiesResolver#setConf": "440",
  "org.apache.hadoop.security.SaslRpcClient#<init>": "1031",
  "org.apache.hadoop.security.SecurityUtil#<clinit>": "189",
  "org.apache.hadoop.security.SecurityUtil#doAsLoginUserOrFatal": "564",
  "org.apache.hadoop.security.SecurityUtil#getAuthenticationMethod": "835",
  "org.apache.hadoop.security.SecurityUtil#getLogSlowLookupsEnabled": "829",
  "org.apache.hadoop.security.SecurityUtil#getSlowLookupThresholdMs": "1009",
  "org.apache.hadoop.security.TestDoAsEffectiveUser#checkRemoteUgi": "571",
  "org.apache.hadoop.security.TestDoAsEffectiveUser#refreshConf": "1025",
  "org.apache.hadoop.security.TestDoAsEffectiveUser#setMasterConf": "83",
  "org.apache.hadoop.security.TestDoAsEffectiveUser$2#run": "1112",
  "org.apache.hadoop.security.TestDoAsEffectiveUser$3#run": "1051",
  "org.apache.hadoop.security.TestDoAsEffectiveUser$4#run": "139",
  "org.apache.hadoop.security.TestDoAsEffectiveUser$5#run": "610",
  "org.apache.hadoop.security.TestDoAsEffectiveUser$6#run": "507",
  "org.apache.hadoop.security.TestDoAsEffectiveUser$7#run": "813",
  "org.apache.hadoop.security.TestDoAsEffectiveUser$8#run": "1066",
  "org.apache.hadoop.security.TestKDiag#kdiag": "279",
  "org.apache.hadoop.security.TestKDiag#kdiagFailure": "951",
  "org.apache.hadoop.security.TestKDiagNoKDC#kdiag": "1140",
  "org.apache.hadoop.security.TestKDiagNoKDC#kdiagFailure": "172",
  "org.apache.hadoop.security.TestLdapGroupsMapping#doTestGetGroups": "515",
  "org.apache.hadoop.security.TestLdapGroupsMapping#testLdapConnectionTimeout": "79",
  "org.apache.hadoop.security.TestLdapGroupsMappingWithPosixGroup#doTestGetGroups": "667",
  "org.apache.hadoop.security.TestSecurityUtil#isOriginalTGTReturnsCorrectValues": "530",
  "org.apache.hadoop.security.TestSecurityUtil#verify": "1036",
  "org.apache.hadoop.security.TestSecurityUtil#verifyServiceAddr": "832",
  "org.apache.hadoop.security.TestUGILoginFromKeytab#startMiniKdc": "26",
  "org.apache.hadoop.security.TestUserGroupInformation#setupUgi": "984",
  "org.apache.hadoop.security.TestUserGroupInformation#testConstructorSuccess": "1102",
  "org.apache.hadoop.security.TestUserGroupInformation#tryLoginAuthenticationMethod": "1212",
  "org.apache.hadoop.security.UserGroupInformation#createProxyUserForTesting": "460",
  "org.apache.hadoop.security.UserGroupInformation#createUserForTesting": "843",
  "org.apache.hadoop.security.UserGroupInformation#doAs": "230",
  "org.apache.hadoop.security.UserGroupInformation#ensureInitialized": "752",
  "org.apache.hadoop.security.UserGroupInformation#getCurrentUser": "499",
  "org.apache.hadoop.security.UserGroupInformation#getGroups": "1004",
  "org.apache.hadoop.security.UserGroupInformation#getLoginUser": "959",
  "org.apache.hadoop.security.UserGroupInformation#initialize": "668",
  "org.apache.hadoop.security.UserGroupInformation#isAuthenticationMethodEnabled": "1092",
  "org.apache.hadoop.security.UserGroupInformation#isSecurityEnabled": "1053",
  "org.apache.hadoop.security.UserGroupInformation#loginUserFromSubject": "273",
  "org.apache.hadoop.security.UserGroupInformation#setConfiguration": "1154",
  "org.apache.hadoop.security.UserGroupInformation$1#run": "970",
  "org.apache.hadoop.security.UserGroupInformation$TestingGroups#<init>": "537",
  "org.apache.hadoop.security.WhitelistBasedResolver#setConf": "352",
  "org.apache.hadoop.security.alias.AbstractJavaKeyStoreProvider#<init>": "346",
  "org.apache.hadoop.security.alias.AbstractJavaKeyStoreProvider#flush": "1052",
  "org.apache.hadoop.security.alias.AbstractJavaKeyStoreProvider#locateKeystore": "112",
  "org.apache.hadoop.security.alias.CredentialProviderFactory#getProviders": "412",
  "org.apache.hadoop.security.alias.JavaKeyStoreProvider#<init>": "144",
  "org.apache.hadoop.security.alias.JavaKeyStoreProvider#getInputStreamForFile": "203",
  "org.apache.hadoop.security.alias.JavaKeyStoreProvider#getOutputStreamForKeystore": "1230",
  "org.apache.hadoop.security.alias.JavaKeyStoreProvider#initFileSystem": "97",
  "org.apache.hadoop.security.alias.JavaKeyStoreProvider$Factory#createProvider": "1008",
  "org.apache.hadoop.security.alias.TestCredentialProviderFactory#checkPermissionRetention": "179",
  "org.apache.hadoop.security.alias.TestCredentialProviderFactory#checkSpecificProvider": "847",
  "org.apache.hadoop.security.alias.UserProvider#<init>": "1095",
  "org.apache.hadoop.security.alias.UserProvider$Factory#createProvider": "998",
  "org.apache.hadoop.security.authorize.AccessControlList#<init>": "347",
  "org.apache.hadoop.security.authorize.AccessControlList#isUserAllowed": "1211",
  "org.apache.hadoop.security.authorize.AccessControlList#isUserInList": "1229",
  "org.apache.hadoop.security.authorize.DefaultImpersonationProvider#init": "993",
  "org.apache.hadoop.security.authorize.ProxyUsers#getInstance": "772",
  "org.apache.hadoop.security.authorize.ProxyUsers#refreshSuperUserGroupsConfiguration": "196",
  "org.apache.hadoop.security.authorize.ServiceAuthorizationManager#refresh": "472",
  "org.apache.hadoop.security.authorize.ServiceAuthorizationManager#refreshWithLoadedConfiguration": "1057",
  "org.apache.hadoop.security.authorize.TestProxyUsers#testProxyUsersWithUserConf": "853",
  "org.apache.hadoop.security.authorize.TestProxyUsers#testWildcardGroup": "37",
  "org.apache.hadoop.security.ssl.FileBasedKeyStoresFactory#getPassword": "414",
  "org.apache.hadoop.security.ssl.FileBasedKeyStoresFactory#init": "766",
  "org.apache.hadoop.security.ssl.KeyStoreTestUtil#provisionPasswordsToCredentialProvider": "163",
  "org.apache.hadoop.security.ssl.SSLFactory#<init>": "1179",
  "org.apache.hadoop.security.ssl.SSLFactory#getHostnameVerifier": "171",
  "org.apache.hadoop.security.ssl.SSLFactory#init": "955",
  "org.apache.hadoop.security.ssl.SSLFactory#readSSLConfiguration": "348",
  "org.apache.hadoop.security.ssl.TestSSLFactory#checkSSLFactoryInitWithPasswords": "202",
  "org.apache.hadoop.security.ssl.TestSSLFactory#serverMode": "268",
  "org.apache.hadoop.security.token.delegation.web.DelegationTokenAuthenticationFilter#init": "940",
  "org.apache.hadoop.security.token.delegation.web.TestDelegationTokenAuthenticationHandlerWithMocks#testCancelToken": "107",
  "org.apache.hadoop.security.token.delegation.web.TestDelegationTokenAuthenticationHandlerWithMocks#testValidDelegationTokenQueryString": "611",
  "org.apache.hadoop.security.token.delegation.web.TestWebDelegationToken#cleanUp": "262",
  "org.apache.hadoop.security.token.delegation.web.TestWebDelegationToken#setUp": "824",
  "org.apache.hadoop.security.token.delegation.web.TestWebDelegationToken#testDelegationTokenAuthenticatedURLWithNoDT": "871",
  "org.apache.hadoop.security.token.delegation.web.TestWebDelegationToken#testDelegationTokenAuthenticatorCalls": "1013",
  "org.apache.hadoop.security.token.delegation.web.TestWebDelegationToken#testKerberosDelegationTokenAuthenticator": "464",
  "org.apache.hadoop.test.MultithreadedTestUtil$RepeatingTestThread#doWork": "917",
  "org.apache.hadoop.test.MultithreadedTestUtil$TestingThread#run": "628",
  "org.apache.hadoop.tracing.TraceUtils$1#get": "520",
  "org.apache.hadoop.tracing.TraceUtils$1#getInternal": "544",
  "org.apache.hadoop.util.GenericOptionsParser#<init>": "627",
  "org.apache.hadoop.util.GenericOptionsParser#parseGeneralOptions": "1076",
  "org.apache.hadoop.util.GenericOptionsParser#processGeneralOptions": "299",
  "org.apache.hadoop.util.GenericOptionsParser#validateFiles": "1046",
  "org.apache.hadoop.util.LineReader#<init>": "1014",
  "org.apache.hadoop.util.NativeLibraryChecker#main": "286",
  "org.apache.hadoop.util.ReflectionUtils#newInstance": "873",
  "org.apache.hadoop.util.ReflectionUtils#setConf": "593",
  "org.apache.hadoop.util.TestDiskChecker#_checkDirs": "492",
  "org.apache.hadoop.util.TestDiskChecker#testCheckDir_notListable": "275",
  "org.apache.hadoop.util.TestGenericOptionsParser#setUp": "342",
  "org.apache.hadoop.util.TestNativeLibraryChecker#expectExit": "913",
  "org.apache.hadoop.util.TestNativeLibraryChecker#expectOutput": "392",
  "org.apache.hadoop.util.TestNodeHealthScriptRunner#tearDown": "722",
  "org.apache.hadoop.util.ToolRunner#run": "774",
  "org.apache.hadoop.util.hash.Hash#getHashType": "639",
  "org.apache.hadoop.util.hash.Hash#getInstance": "388"
}